mu,sigma,draw
0.02345084648602191,0.5027789495292787,1
0.029891010363608087,0.4892079045583917,2
-0.02639568839467132,0.4983891032097554,3
0.029802088439561353,0.5139744626930088,4
0.03359777863257959,0.47016556059374404,5
0.013609511512543818,0.4762565929711749,6
-0.021527464638078433,0.4863391519055753,7
0.00761009499550067,0.4782428495642259,8
0.018978117866168983,0.48396971380978,9
0.018962421115902874,0.5175175199817724,10
-0.02457583931849834,0.46023899792324396,11
0.0407122988543822,0.4954024326999713,12
0.04488338878311084,0.4997252465257576,13
0.0077641294465448495,0.5078750768051253,14
0.01675913670071276,0.5021324414597442,15
0.017199762315582123,0.4930384828898196,16
0.037050667537188234,0.4848373634664159,17
0.03338386628523039,0.5053281529327653,18
0.010148810226970197,0.5002193542143438,19
0.036928269452677444,0.4905608023982994,20
-0.0019389553631603718,0.47457600838086306,21
0.014667962703791835,0.5094161538899746,22
0.012756486804301739,0.48675812170040755,23
0.006580569072561084,0.5007336707329324,24
0.03110898972386452,0.5001545903387464,25
0.02834129939750353,0.483854193281539,26
0.006486893922622657,0.4822224916596644,27
-0.008526524176695218,0.5005888825948619,28
0.041489134913518994,0.4988009449500397,29
0.015136636915686823,0.47753261252698714,30
0.012857097649111839,0.512957498599991,31
0.02478644878364234,0.47885762773975676,32
0.025749559989442054,0.5051486599645613,33
0.024318992610740133,0.49821516681916134,34
0.011648086166939188,0.5155301640666372,35
0.004744179582135531,0.49284052483523627,36
0.02599804009597645,0.5064126683252144,37
0.002022933969951201,0.5043833634610959,38
-0.009622026765851017,0.4970427063398639,39
1.259472311468026e-4,0.4764042538403046,40
0.014717377971831353,0.4521510067253869,41
0.005975698943015414,0.48181787855671127,42
0.027048556448907194,0.49865673532678717,43
-0.003511884876803631,0.474505567593336,44
-0.0015962869577508744,0.4699943247318946,45
0.030323955288621543,0.4722860960014112,46
0.015508784269833537,0.47668515228530856,47
0.018259572038670138,0.5227660320987937,48
0.024813728383111206,0.48642801912477207,49
0.003330604798883247,0.4509672008405438,50
0.012373397103703773,0.48532152337093587,51
0.01639029340898334,0.47571263006621484,52
0.010565169711146086,0.49275059778666314,53
-0.011409684886853904,0.4471910896814396,54
0.04172970302103045,0.4789657586568905,55
0.030730000605403276,0.4876309527180467,56
0.034048611033217664,0.4757788501487309,57
-0.01403664973577107,0.4976424758362587,58
0.04098114833003819,0.4682566050698255,59
-0.0017562824435343226,0.4865284013786914,60
0.03283900601420344,0.4712722496459459,61
-0.00483865901238703,0.49518325169334704,62
0.014016971088342116,0.49698546418533507,63
0.04228084376467587,0.49362477230870505,64
0.03085005027069563,0.4672595296501634,65
0.015505559627727546,0.47156119508964944,66
0.025860934536487912,0.48844987667422946,67
0.036345156871430764,0.47268232299000573,68
0.01448190956180194,0.4861238060300497,69
0.016306660425126254,0.49546278231269675,70
0.011643562866768846,0.4954634921818913,71
0.027495805009961835,0.4919251394331855,72
0.027735861360914094,0.4798057494978732,73
0.019913859062758547,0.4836553409681632,74
0.0217017142886361,0.4803655562354608,75
0.016729611782106253,0.4795343414745915,76
0.006244857683846959,0.49508084961245036,77
0.0175070994252513,0.4875342957527399,78
0.0048802901453446484,0.4604137544534023,79
0.0022772635752614685,0.4806047246623123,80
0.030034618703231385,0.5036218547738961,81
0.011146015797946801,0.48695932790535246,82
0.007956460138501598,0.48624610521904466,83
0.003211558131167063,0.4906539281826583,84
0.01488994396128087,0.4711959984416824,85
0.04393156000720008,0.49739171006601274,86
0.007680425004591452,0.46914922876715476,87
0.01773968083043893,0.46885582315147,88
0.021620840135927726,0.47385036785133255,89
0.016901285282065873,0.49387793478756015,90
-6.584844381169906e-4,0.514323375275051,91
0.03958031415361169,0.47834404289202087,92
0.0255358827105597,0.4768285431461038,93
0.024057100338807993,0.48565786743815703,94
0.03381377019205576,0.4916864251775158,95
0.0032959205824933677,0.48101105241617226,96
-0.02109878412103542,0.45841483614120365,97
0.03182109663522526,0.4788867322064175,98
9.40625630479325e-5,0.48562403017249334,99
0.007812637505900742,0.48588299343774677,100
0.014631366177427545,0.46067832794617986,101
0.013082707149760536,0.4859402720567636,102
0.0393952926404745,0.5102780493877469,103
0.007785855273000287,0.4932845218737129,104
0.04610971167554731,0.45647573428558413,105
0.01555575229386992,0.47271979907112205,106
0.03939986060100971,0.5017405390303004,107
0.019247287589297765,0.48079351328087633,108
0.03788752331009365,0.49721403588104157,109
-0.021130437738011553,0.48336033253550864,110
0.039848599394404084,0.4818460635898031,111
0.010013969632671307,0.4989522412274694,112
-0.00901379507097441,0.49003663194684305,113
0.009839789085123632,0.49957968833970795,114
0.019900781155934185,0.4602063333056226,115
0.027712903207723554,0.5033131193869834,116
0.017692342362344415,0.47829641014876756,117
0.012786522398993088,0.5168890412441794,118
0.008600261476369818,0.4827500838209534,119
0.037793883250770835,0.4852202177017844,120
0.025165799973654427,0.49008049837860945,121
0.04366618750788607,0.509609860860012,122
0.019236402413706746,0.4841489997233582,123
-0.015210107582290529,0.49675850058988674,124
-0.0064439851689540055,0.49698543161864234,125
0.01631922135333076,0.5120308168885079,126
-0.0040303093153087645,0.5050656598451363,127
0.03578081716214049,0.4793728300741228,128
0.01871085566884447,0.47570641821688875,129
0.0016664316317554643,0.49522974612055304,130
0.013986261128470808,0.48742743825097495,131
0.013635417076110476,0.4990094640436532,132
0.022699276578941104,0.5096245832217895,133
0.03683735347145851,0.5055158363240527,134
0.006798263223964545,0.4730332807008531,135
0.01759904033119216,0.49976607781828714,136
0.02304436182714785,0.4841534439040906,137
0.010891253306332196,0.5184639267767881,138
0.02391593592823917,0.5050132159187539,139
0.006319204698242298,0.4817179592123128,140
0.021375120119245875,0.47932547097240374,141
0.019955324099044526,0.4758977831232104,142
0.004481337318506898,0.4732669022365035,143
-0.00683068405533543,0.4947063699828593,144
0.015512550791371668,0.4958285330432443,145
0.021247492198641808,0.4942502903661844,146
0.03094851146999195,0.47369312503026134,147
0.03475477031812334,0.5131387462078567,148
0.01691607490443757,0.48009249326748826,149
0.021906985839017176,0.5126178504552069,150
0.018882496575375843,0.4906435483327634,151
0.005646734086091317,0.4854631231691791,152
0.01150010254877491,0.49247117923591927,153
0.03269909689728389,0.47889009692031287,154
0.024923056847932515,0.4829525935219425,155
0.004654084880274042,0.5028177239277604,156
0.03516998176870963,0.4703614088875186,157
0.019244872987243703,0.4580926504308302,158
-0.0035951626658028636,0.48183096071874154,159
0.015475141830548461,0.49347987300940704,160
0.008856421542094112,0.4728079227425084,161
0.02283975672222574,0.4791436127922777,162
0.019319798528215942,0.5124914224917362,163
0.036659981914268155,0.48095209783929865,164
-0.006728954549176738,0.5330521889129692,165
-0.003585631947808159,0.5015171543396216,166
0.020927757559653183,0.4514734711265415,167
-0.004032918520448682,0.49450558695560587,168
0.013218947572923589,0.5019187018712223,169
-0.002937062677859738,0.5303031649871315,170
0.007256707256344494,0.47838649346123285,171
0.01885101078722483,0.4856235351328059,172
0.009033275112635526,0.5284980670045977,173
-0.010170193018306895,0.4756852856151998,174
0.05295609199969785,0.5137167548647777,175
0.02394607190110915,0.49638472527472965,176
0.029907939950121212,0.5107425282668445,177
0.06127514444992275,0.506644669981724,178
0.03736084912099509,0.4819267184866041,179
0.014901076600534777,0.4860574225074385,180
7.267862997066896e-4,0.5043592719803297,181
-1.9945628722666323e-5,0.48092917636088467,182
0.018468051126586914,0.4791880094747642,183
0.027389575690778902,0.4966168214449025,184
0.01651464909639639,0.4742693756092891,185
0.02978526471706891,0.5054673785192171,186
0.02045118571621894,0.4972586756538472,187
0.018708726586255407,0.45834660368192087,188
0.03986357381674458,0.4825294246609597,189
0.06562799182247943,0.4915003643798092,190
0.003216987762006113,0.4869225068812389,191
-0.0013436095775787096,0.4822749848798828,192
0.016637615770506507,0.5089254582697454,193
0.024158286124815305,0.4792911660252109,194
0.03050724232084993,0.48298574260927724,195
0.02764270412788681,0.4775373268384274,196
0.030535651383352923,0.48787440785743424,197
0.03801712093454184,0.4990163149549688,198
-0.0028845064053106364,0.5075576754000823,199
0.03841377648938145,0.47908643642013227,200
0.04043373792888021,0.48779918283041523,201
0.02191047906021613,0.48777020142840594,202
0.011230124565028293,0.4827391886487885,203
0.028535710715815368,0.48827357075796796,204
0.028394919440525617,0.4856955056119375,205
0.02816448312459579,0.4701655829589646,206
0.030165202276619365,0.4995009523642499,207
0.0029452984284401677,0.49747112205686345,208
0.01841186886583633,0.48527273453393854,209
0.008981213864384437,0.4924939530830112,210
-0.004659185289577218,0.49117545759037845,211
0.02789218773996834,0.47968754896341087,212
0.018459127007814536,0.49013265103041165,213
0.03509901157013037,0.488447639863867,214
0.024019639770680282,0.48783219651259085,215
0.022956209824893513,0.46745545793306914,216
0.029583931301435502,0.48364975787939696,217
0.018774660147429238,0.4740756776324381,218
0.021298365521939013,0.49636848510082743,219
-0.014218555270905344,0.49677126437124025,220
-0.01683110512411772,0.48263219492633314,221
0.03412643695138448,0.5062102643570717,222
0.0040292859048272674,0.48947167312621914,223
0.027609833837843482,0.4807996758567735,224
0.02464565217050869,0.49116870619629754,225
0.027449345608586355,0.5252920216049372,226
0.029249260748876706,0.4904329179926394,227
0.01934678717987047,0.4951101168064453,228
0.03243570842849795,0.4947858577285883,229
0.03581815601757611,0.48510467650376426,230
0.004417858468813818,0.4729324118509099,231
-0.012108703535953131,0.4990572264304498,232
0.014440483791265727,0.4723945141141737,233
0.013596381422574412,0.49055762393160673,234
0.010182675192344169,0.4778751057568145,235
0.012145768086362144,0.49312056283993777,236
0.032272596582753416,0.4603161182218246,237
0.01794657801680455,0.4594589833807176,238
0.007854643801954025,0.47577551834719006,239
0.03681168627511459,0.46871607481147304,240
0.008072183805148875,0.49467005627494987,241
-0.009744200968406808,0.5099730344183011,242
0.028469555574633224,0.4713758173209157,243
0.017175991082742568,0.48554276664232987,244
0.02591335478054879,0.4839670243562368,245
0.017713471725152603,0.4744792660748391,246
0.024177664885653084,0.49983040207235774,247
0.015268470267302624,0.5141943179313809,248
-0.004363114701864885,0.47942908413676716,249
0.02182969800241249,0.4786324864376769,250
0.021647545499124905,0.4702668188327705,251
0.0037820896581597222,0.49480958054508434,252
-0.005279733414727714,0.46782607511993995,253
0.03394452964267858,0.4550707966265517,254
-0.005448487300252941,0.49161353108134154,255
0.012647985341465811,0.4725681662975285,256
0.030512319400488465,0.46959681072210363,257
0.04273829655884874,0.4781887070251623,258
0.0392807388828273,0.48875876806004287,259
0.046648307251933474,0.48040254558909534,260
0.031182903781985634,0.473465349895293,261
0.03135682246871019,0.5138151554683941,262
0.036408150232400086,0.48107831911054094,263
0.025196980315511493,0.5011327454967143,264
0.033049479698767786,0.4946034406006801,265
0.01513999731658304,0.48033475380081236,266
0.023864986966338517,0.4939865758308701,267
0.05411424295494774,0.49340534338270015,268
0.02257853366527214,0.4853127491527203,269
0.02387771817165756,0.471282104325195,270
0.003872956244066548,0.5030683134179449,271
0.017076511994590742,0.47854230774078094,272
0.0410689849121882,0.5119963231221133,273
0.011946455852302303,0.48525070289224614,274
0.02663338222923826,0.4795420313414079,275
0.0341465346008218,0.4607442962773753,276
0.035234708606289036,0.48471364847080417,277
0.03415799251918774,0.48046445174925995,278
0.002237542009974626,0.49068598267468855,279
0.011820815416777621,0.4694527840243552,280
0.031941904048857946,0.4911184377631705,281
-0.013735642282319365,0.4638634381265749,282
0.021657859195705023,0.48392223277660673,283
0.04841904610084215,0.4975506133216365,284
-0.003973121740083359,0.4789738891130313,285
0.01798532606171929,0.4902514516557644,286
0.043530555386359186,0.5038807133729698,287
0.02351884628826929,0.48396214836155804,288
0.03286982072926308,0.4962647003621307,289
0.036655229308091106,0.4916335164550386,290
0.023433660766289686,0.47792561902951713,291
0.024001513188200718,0.47122459060197375,292
0.03022150460248876,0.4803809393061842,293
0.0066276625630715515,0.5010401417574858,294
0.008110661423148325,0.48790795868031384,295
0.018133412977137338,0.45964584143822423,296
0.018540260937533363,0.490447948938369,297
0.014387357315482277,0.4843470648357059,298
-0.00820799332230813,0.4723134469882864,299
0.01539660175362918,0.48038962622858,300
0.0270028308785515,0.47763894127338263,301
0.006962176600362695,0.5158264476817138,302
0.01790896401277611,0.4749605356873724,303
0.011051079753200561,0.5091396389090008,304
0.00992410745648064,0.4763764711809509,305
0.03146227481014424,0.48836191674672935,306
0.012461290444502702,0.4832800329878106,307
0.012539108620724732,0.5020764372326095,308
0.019138172850089247,0.4795219847489428,309
0.00917876161765443,0.5068769354748788,310
0.00841198238068094,0.5060802361479882,311
0.024759643118580067,0.47554051527045993,312
0.017900042938731646,0.4856944815121005,313
-6.93321142137951e-4,0.46853203430716434,314
0.01786575646469748,0.48890668755469047,315
0.049563407238278546,0.48338636324632556,316
0.027922850753630712,0.5052153355216088,317
0.014100790196756141,0.47764969188275375,318
-0.008155399900653656,0.47932910487020786,319
0.02961827514400994,0.4922444532546463,320
0.024872993975273087,0.49337405384652144,321
0.009763655532526838,0.4750729940480281,322
0.06561594590311666,0.5117922586575269,323
0.01379324700732703,0.504068408451782,324
0.04077880397195686,0.5000595185877745,325
0.023878401102000717,0.4636989326729996,326
0.012357191864472834,0.4859191286103954,327
0.02399034574636281,0.48006435829941996,328
0.030492159664728746,0.49403527564307564,329
0.04554228281003688,0.47558565027982697,330
0.008876428585947175,0.46940595737151336,331
0.008594639909650615,0.4980423917990249,332
0.0346798104698139,0.4927641858172937,333
0.016730953941670904,0.4769949147903297,334
0.016336258104485826,0.4874153587087179,335
0.043635600232149796,0.48588905058576787,336
-0.005192061591037791,0.5007485520137828,337
0.012823231659442862,0.5003021045392478,338
0.04069027596200819,0.48821441645900265,339
-9.161032651420296e-4,0.4770603207694755,340
0.023149165373871856,0.48814516401471914,341
0.016353904368430396,0.4848681721155721,342
0.02501557625442249,0.481663043994595,343
0.02263458365706077,0.4823890723768806,344
0.011854856745850566,0.4946473225037294,345
0.06371553273300849,0.47379713288593356,346
-0.0026232251305127914,0.49778748587823474,347
0.01944249438284715,0.48652244849748305,348
0.034357368404878616,0.4723205287870679,349
0.003663440419682363,0.4720202416454772,350
0.020737390218039806,0.47432357229981925,351
0.011890177929542358,0.45781088335416165,352
0.022682583625163392,0.4887329540050482,353
0.007636101318582814,0.48583902281373686,354
0.018792672872448284,0.4995119788659914,355
0.018352460089859655,0.4779130083467739,356
0.015095946226095421,0.4895028897617484,357
0.00702502730327037,0.5094286277930246,358
-0.014434405642421988,0.48188097838338867,359
-0.007988944584816044,0.4822887441724024,360
0.045784766792655286,0.4792634001864644,361
0.010744593300927485,0.4875508041512351,362
0.007116052114608461,0.482296601090952,363
0.025050430370875624,0.48521941323927015,364
0.03900430639879322,0.4855015014897993,365
0.01660913502190033,0.4935658557328812,366
0.012609045405496143,0.4848713082188039,367
0.01029293502698399,0.5055855803871603,368
0.02647107000948948,0.4686926132244976,369
0.020190674504053104,0.4553534630789923,370
0.02454910380041133,0.46303422456956317,371
0.02032304536909586,0.48080778251788714,372
0.03137328901196135,0.4784688852804621,373
0.021317520060043227,0.4867701841278678,374
0.01668967365356869,0.4497429790204467,375
0.009301806095002505,0.4797266830577818,376
0.015159682459042192,0.49276537031768075,377
0.022649012500614043,0.5009813796010546,378
0.033417660557920954,0.49317838668995706,379
0.03836214877910753,0.46994849765802743,380
0.014742218290700146,0.4939150985939456,381
0.03978721516171498,0.46155162238634534,382
0.0041169583234863675,0.4989787602527366,383
0.02363599015460721,0.4966567520873789,384
0.012975633990408296,0.48189782960808775,385
0.028150296099274243,0.4840228981522972,386
0.03079037356517329,0.48454059499381924,387
0.03596193959246029,0.47214378906047566,388
0.010697902849215202,0.4831513559493291,389
0.024769447158363246,0.47799737176518936,390
0.009494862041254572,0.482305457233354,391
0.0048688741735640586,0.48854654994551183,392
0.012437312307216217,0.4710661603481544,393
0.00809133434978938,0.47886655714123094,394
0.02731222751676152,0.5027648502187915,395
-0.0011838670992689593,0.4753548389287157,396
0.04122794042775394,0.4927377025817146,397
0.008432553168035959,0.4753720697006919,398
0.023536509135123725,0.4772584305267397,399
0.013834546209047779,0.4755066844764384,400
0.03097664104905242,0.5174458435274043,401
0.010801361974414163,0.4593224503735132,402
0.030235825513897967,0.49403704460747,403
0.010967144473082923,0.4997488595492411,404
0.013967319477565833,0.4964302760395647,405
-0.010967835471150197,0.4791685859856124,406
0.011215058326195184,0.47906949014811384,407
0.007538972673456907,0.4680864176950204,408
0.0410954686532509,0.4741789237135049,409
0.028108336394049693,0.4785907933004578,410
0.06608845778661854,0.5169688158428513,411
-0.00416768783071005,0.4934806476736202,412
0.03995712735142213,0.48315101126505217,413
0.03924707872219122,0.46175161737674475,414
-0.013401731495079014,0.4910988945401234,415
0.021320183026287916,0.46778685170941225,416
0.028587822348782547,0.48095168658080784,417
0.04455021265490941,0.48769915584121987,418
0.017688801783029465,0.46818222540907256,419
0.02427351885691252,0.46653770633652447,420
0.044855139784894964,0.5020819711787705,421
0.022052308246805794,0.4801407089847815,422
0.0060353372820188085,0.5107376572330156,423
0.0012117455984166823,0.4659016346803593,424
0.018175304229736726,0.47222993229043164,425
0.023271164873496706,0.4918078711068722,426
0.015485081652171212,0.4729668283090031,427
0.0416426105286513,0.475776488500541,428
0.02304062780866004,0.5004721630927257,429
0.04716127618621275,0.4826074743794587,430
0.01500885642626071,0.5121167499365485,431
0.014661742374011372,0.49510396056217315,432
0.007146265810254732,0.479650223670632,433
0.013310043467266441,0.5058941578197387,434
0.012795587998450677,0.4878907901286514,435
0.011536299283938293,0.4756002420793752,436
0.015084450109794192,0.48085789836171616,437
0.039281963017033905,0.4942349031054306,438
0.02668909132325669,0.4832794703751631,439
0.03923496273869418,0.4669861175411803,440
0.01985089205489345,0.48997638338199323,441
0.004366302951384718,0.5053093822152795,442
0.041166036656901994,0.4729983946055198,443
0.03374855453729833,0.48439860096206977,444
0.017123382473385552,0.487314994320087,445
0.010993569644293847,0.4915807508436861,446
0.015294194913299697,0.4736784488694164,447
0.04828419947440062,0.48461516821715117,448
0.021554953224255238,0.4906428385401521,449
-0.015555961501266147,0.4897816319566928,450
-0.0026876605198487367,0.48988418920007737,451
0.034478854811797674,0.45917985721793286,452
0.004312214342781333,0.47345376965621483,453
0.023141454494257363,0.4872059609390416,454
0.014920025654842024,0.4569860130598578,455
0.009174782846810909,0.4579474948959483,456
0.013962727314594501,0.48052455430586943,457
0.01877317578299112,0.4683412597996418,458
0.04217593000732809,0.4524860391199103,459
0.047998839743150785,0.46910732879629224,460
-0.009520318414914988,0.4467814886327145,461
0.008023432395238575,0.4826140843276374,462
0.029058455485739477,0.4965141256910696,463
0.017136400580504006,0.4842131376991094,464
-0.01541971829000989,0.48042250695395394,465
0.03376637801198971,0.4641786672643334,466
0.011949010653161068,0.46760283788872586,467
0.013545640741159388,0.47578541822349446,468
0.01365660034854891,0.49718610944642977,469
0.004027465715134792,0.49621787566698083,470
0.029164831834924528,0.47641110818659643,471
0.01775806661066974,0.45915264573194003,472
0.012287137772759665,0.4807343203546388,473
0.030253840265789624,0.4719064968116165,474
0.025737462687563637,0.5169315801495533,475
-0.007379268158221483,0.4895169824425436,476
0.00820759128148186,0.4818709924165972,477
-0.02273879713436225,0.49488152194627566,478
-0.005898360188941557,0.4796277246098903,479
0.023894972599346843,0.49383837135943437,480
0.011219518029287116,0.4987418978492035,481
0.04241025880101902,0.4917129572895261,482
0.04466123654180557,0.48313324994875356,483
0.020706168986419426,0.48307767154424325,484
0.00937247068991001,0.4919258588687874,485
0.029014853064290816,0.4684060651007909,486
0.019171580234302557,0.4728439488457653,487
0.0482150130717935,0.49127279928680445,488
0.009192241088629496,0.4701713772943347,489
0.020273233257928836,0.48012555254001194,490
0.017245066560382938,0.48364390637771815,491
0.04858350540037372,0.4731263305528358,492
0.0075904809262094695,0.5026759800351391,493
-0.021355681527489765,0.4571286771908315,494
0.007033833216854568,0.5020358093935329,495
0.010709064967017557,0.4559471198693043,496
0.02756275081283418,0.47231341509604974,497
0.01457868289019143,0.4963751949723917,498
0.021412143577280458,0.4694034780292464,499
0.04057169650112128,0.49106507975525404,500
0.004781020311241468,0.5038270986801562,501
0.025608903567231747,0.4690746036405793,502
0.023723234861380862,0.46728519459093804,503
0.028982114269420035,0.45907703170669767,504
0.023165695755504798,0.4916471230841993,505
0.0014477460373297892,0.47651882683618363,506
-0.015119989118040347,0.4844704878581,507
-3.752624910259121e-4,0.4761086305188314,508
0.015274976017756582,0.479280663956856,509
0.01568480098647827,0.4891399857335893,510
0.011778533848884512,0.49330687178786997,511
0.02141313474683136,0.486950439101576,512
0.012795810294983006,0.46551236643757826,513
9.351345067252295e-4,0.5138348816182746,514
0.019595409639777968,0.48943185812043616,515
0.03600974315863008,0.4901412401961449,516
0.003257738287600721,0.48708752471743366,517
0.03524001242973422,0.47813731075239335,518
0.013286026395713193,0.47195709573967587,519
0.043774750950623234,0.4832414666593525,520
0.0029725651300115358,0.5048005460775716,521
0.018581874044663584,0.47524309506668744,522
0.022243313406159804,0.5099525036553605,523
0.022729108633822145,0.48165894248535346,524
0.06421919566106277,0.5014763904261476,525
0.007045903398564398,0.49356924074168246,526
0.0020990495157339095,0.46946986487519593,527
0.011149549741527934,0.5088700951307739,528
0.017935878832323518,0.49586913386421755,529
0.05171084310848661,0.5134191887624749,530
0.013073785380706884,0.46895663598267046,531
0.015558399950973922,0.4988778886552735,532
0.03182438617132807,0.4983892605726952,533
0.024427821765459795,0.50639269960038,534
0.03875492297757983,0.4939209760983734,535
0.03772421453590042,0.506653241433834,536
0.029122629589594464,0.4882079307939599,537
-0.018367763739341954,0.49259964630365594,538
1.967403927178018e-4,0.4821730331858534,539
0.02708226861415637,0.4844320617303968,540
0.02353057558742146,0.5010515991068003,541
0.015953023049056034,0.5070770669498372,542
0.005488543096441907,0.4819084182824813,543
0.014431317415744993,0.4814298390046088,544
0.011498049720288662,0.4825804129354726,545
0.015165074759656321,0.5037414908147757,546
0.03882722121705328,0.49802749550380254,547
-0.003176906956907713,0.4871812690601115,548
0.02025262337507356,0.4899998848621626,549
0.031070648577140016,0.5061564208960101,550
0.02776212431837712,0.48664749257273593,551
0.026731953731550948,0.48989592603427173,552
0.005483973769987239,0.48554628516053727,553
0.02483319510294728,0.47812750950765015,554
0.027313607134024774,0.5180426845765893,555
0.0067851397179722805,0.47983360949391685,556
0.022783686854497016,0.4930555264618793,557
0.004655335667778737,0.49147759889902853,558
0.02685972809975447,0.49475253262277985,559
0.021945719059542332,0.4677569652950076,560
0.02091758926186931,0.49783167632791797,561
0.002553205545475406,0.48761331865717505,562
0.0280953306471107,0.5069467776591746,563
0.03795871578622668,0.48144782989996915,564
0.006833438531453859,0.49105087465620617,565
0.028295017052575304,0.45874448777185184,566
-6.087442236952434e-4,0.4849177626102909,567
-0.005779896810679373,0.4742008493983723,568
0.016198762993735308,0.4910006570772336,569
0.01767342893864344,0.4917774158422985,570
0.02380173045704499,0.48485186676824715,571
0.03287988127615542,0.4786272820418123,572
-0.005735288559462405,0.4961679552002669,573
0.007643296117049233,0.48339766753634106,574
0.015383192802005976,0.4974762666026268,575
-0.00295892531992949,0.4818955220661562,576
0.008239978808329478,0.5166179396157026,577
0.014735857018293587,0.5003642425561475,578
0.020452901645399212,0.49708827297809505,579
-0.007934346273177281,0.4797638597018917,580
0.029519692113289878,0.4980225687079776,581
0.030327197376684115,0.47634957340778533,582
0.02964534522564976,0.47842040966816995,583
0.02393560555837508,0.48507345830702314,584
0.013383039319723402,0.48040748909458564,585
0.04790964155938785,0.47514020886286695,586
0.02810269228181957,0.45000872905320116,587
-0.007748823975501286,0.46265238465815145,588
0.003168240062947549,0.46300642732830904,589
0.004648159203326875,0.49572400812969764,590
-0.0017652006329379932,0.4697882006346712,591
-0.010780650338426942,0.47599721767540265,592
0.03520013016908385,0.49885534491816824,593
0.024371311896143687,0.5052910811704018,594
0.022031650161190297,0.49644259672952595,595
0.009389523633953272,0.4966435476977106,596
0.012316537474995446,0.5012605336080621,597
0.02269169147278073,0.4828867060304493,598
0.013165354933704635,0.4732613409983048,599
0.022954571110337302,0.48165721385478955,600
0.020499078251708894,0.5157208446335944,601
0.03896125898257847,0.4875138649614305,602
0.02054687246008318,0.49730244032224974,603
0.018434491627930417,0.47183524526641046,604
0.019961610146625886,0.4807766754230476,605
0.003337480414684446,0.4637704259904796,606
0.04029424847419136,0.5031775188972746,607
0.04149162905758344,0.48020750398874856,608
0.048358935138795224,0.47247836305249025,609
-0.021802871679369715,0.4960146092032227,610
0.02604310449544056,0.4891808492363355,611
0.023043832254305646,0.47636476862735494,612
0.005167391657417173,0.4913602964800314,613
0.030570841958523106,0.4881885962155637,614
0.023191227456653224,0.475915943382229,615
0.0483983255143045,0.5084595180487101,616
0.021006356836973532,0.4991571346653499,617
0.024936440543154602,0.4924917449892723,618
-0.001018284273175137,0.4755578680538083,619
0.020122330849132463,0.4714178351594598,620
0.01293047211874724,0.47510754236911285,621
0.03416408367591439,0.5091717135678897,622
0.02311757109195948,0.49799398176294674,623
0.01761524457111395,0.49320987357408164,624
0.0031994457874599085,0.48588698549712644,625
0.011089576233077181,0.48038980506324275,626
0.030370678804629167,0.48860403561503685,627
0.003052471926865142,0.4771508194435273,628
0.027741435220174165,0.4820447116294488,629
0.04406055897697607,0.5109727726094673,630
0.02226922841373078,0.48919028733103176,631
0.023031084398854505,0.47570106968041526,632
0.034981374838079504,0.48767529869912757,633
0.024760184088736738,0.47043881839566715,634
0.04134590539485773,0.5009722355741396,635
0.04969297646327474,0.5168255458351197,636
0.01115619176810299,0.4913925219040819,637
0.05448503412450657,0.5161936438546797,638
0.013108020650259825,0.5080371819396242,639
0.035340555992164395,0.4944063121129595,640
-0.007408791371357533,0.46018673327192733,641
0.028381293075435566,0.48072801676801236,642
0.011501157042484117,0.4856237720163455,643
0.019585650994534423,0.4916663557918665,644
0.016206120791004964,0.4984735161841875,645
0.008322022569536746,0.4737699282780474,646
4.6839029372637044e-5,0.47066545336095394,647
-8.115864650080991e-4,0.502313471435762,648
0.0028419162940909503,0.47544258513105775,649
3.320700026317128e-4,0.48747459843055263,650
-0.0018733207778612521,0.5003478481349554,651
0.009991167463215728,0.48706751858761793,652
0.020182984535894094,0.4859005428755367,653
0.0348977631669371,0.5007001106805958,654
0.021605954808265736,0.4941307646981593,655
0.053821356177034055,0.48794311799680823,656
0.042608406461611764,0.48187834058253265,657
-0.0031043360690131408,0.5059625863418874,658
0.009809917331099134,0.4890550814689916,659
0.015090420007730553,0.514844773107277,660
0.03779290170251719,0.4855724233654532,661
2.35220857117472e-4,0.47745037871826246,662
0.02547394953612029,0.4933039351277601,663
7.234657515935344e-4,0.4703569721483562,664
0.0013885976729027978,0.4609006019740242,665
0.018247902182549913,0.49844287434678197,666
0.015192853251501,0.5013754698036809,667
0.009771344644524893,0.4945739261191017,668
-0.012970120432385098,0.47452443083000917,669
0.012043785978326386,0.4890491888566103,670
0.04645176012668782,0.5015760246098919,671
0.02102102292530875,0.4730642825778065,672
-0.0018446631977836665,0.4890969890048828,673
0.039673047133762025,0.4801662579600099,674
0.03220548953392651,0.4873044828353699,675
0.0029573690604303366,0.4844080588717932,676
0.03273305749969738,0.4973070469218008,677
0.03683468815116667,0.5136371999894126,678
0.007227220753506452,0.47070237095933953,679
0.026719451487723853,0.48058638071270043,680
0.03415338265129912,0.5232230714520347,681
9.811300403466568e-4,0.4843533078483283,682
0.02225565591670911,0.5075855245136631,683
0.041676813641270016,0.4975797263738614,684
0.010217396870518123,0.4915229326850976,685
0.02017216728088985,0.48993482566366564,686
0.020298853947129585,0.508595804876352,687
0.010899026115023518,0.4924975760367163,688
0.001721457315986863,0.487201444316091,689
0.015982369144365776,0.5033474829424014,690
0.032406761174241294,0.48302089744017507,691
0.007911843752508141,0.49617235827416145,692
0.023519901973037678,0.5135355060223435,693
0.04659808650331608,0.48838004612113745,694
0.053700801005952925,0.46760012701734927,695
0.0054801263829101655,0.4717637888815479,696
-0.0077581420407003355,0.5117594255420609,697
0.02269998041149325,0.47109245115944953,698
0.03514019430411071,0.4948083987045083,699
0.01362653618549892,0.47055081837619406,700
0.029022090199537845,0.4825867393412909,701
0.04234282013575726,0.488186751881036,702
0.004034242410270889,0.47839006144291163,703
0.00317608598275647,0.4987851518085048,704
0.02358014193066481,0.47634387937535255,705
0.033746873518150866,0.48252510985792113,706
0.04306759292615915,0.49508062416127885,707
-2.000514019819032e-4,0.49056490727658836,708
0.012772328190809621,0.4673474098690468,709
0.03044005351152423,0.48437673694159583,710
0.0019993018952994355,0.4943108238875434,711
0.01572217121950045,0.47089997587516225,712
0.02343304073730389,0.46561793678386565,713
0.026282740993468043,0.4788347896686534,714
0.045740612608568425,0.4850620619595369,715
0.016140050546875586,0.47256925838491176,716
0.004626033825047331,0.4956173841235667,717
0.009553145513722806,0.49918391836844755,718
0.03788943760803869,0.5121831578741038,719
-0.006895259228682482,0.4866570705355189,720
0.005319392324122649,0.4982163449658646,721
0.039289705858285034,0.5104285891100379,722
0.016307424501277538,0.5191875362991938,723
0.04235889918251075,0.47106704758077117,724
0.017971810491494426,0.48122344593762206,725
0.02167999384650355,0.4778347762356692,726
0.012728761616293532,0.501942632571157,727
-0.009686566679601048,0.49499616140466135,728
0.007571277577300214,0.47953348765110465,729
0.01220430950552622,0.48766914191575156,730
-5.929809848140305e-4,0.514756263248856,731
0.032746233610791556,0.4905902043551227,732
-0.014119985463158215,0.5049627308188396,733
0.0180929562200339,0.4757897162461529,734
0.033466464315191166,0.4847748994709817,735
0.030929971784456674,0.5081737949461012,736
0.013787905336480295,0.4831600284263682,737
0.026998870794437475,0.48468326519505517,738
0.040184116899925515,0.508742939189113,739
0.03460361498394638,0.48620329200062495,740
0.01918253234782261,0.4837666428731121,741
0.023177018907157697,0.49002095583387356,742
0.03129306213825808,0.4882902908886357,743
0.017057468889985942,0.4783956172204683,744
0.04360773815287207,0.4861060793995169,745
0.002011087286851179,0.4657922660321565,746
0.02161189859898254,0.4883566306620265,747
0.004556503011701123,0.49257200295491727,748
-0.018336387653092475,0.47231968950249215,749
0.0010237854458358137,0.4797110311906068,750
0.030989976654056686,0.46494971868073287,751
0.028108502200770435,0.463234245866332,752
0.008046141690549152,0.46932998113097923,753
0.02102638686726045,0.49497067892836016,754
0.007496813990267544,0.48684903774822796,755
-0.006599223173598217,0.49178410925077554,756
-0.0015894737131626714,0.4948364340701711,757
0.029781019631365042,0.47958865917976495,758
0.014786224230905561,0.49904219625655605,759
0.003653646462507155,0.47064509907482494,760
-0.00434229628114903,0.49695531473936344,761
0.030131044293679896,0.5098684706888266,762
0.019613741366793686,0.48698040289390404,763
0.0052597415210864085,0.4785627713425077,764
0.014671428049972145,0.4776817243085292,765
0.02103133823064696,0.4819901099551206,766
0.030592591213524103,0.4646872722846948,767
0.018576330347233116,0.4717261036404789,768
0.04231857906540521,0.4732966595919573,769
0.017790325486744474,0.4800251410884996,770
0.028477134949104685,0.4763377460387861,771
0.02702068657468533,0.483986443417763,772
0.0037023761666193982,0.4840308292960673,773
0.01516454866100837,0.5084298420633679,774
0.0010524055374252807,0.4806421154079547,775
0.03175896389876519,0.5120538290695866,776
0.008422716202217843,0.4656597972283255,777
0.03344815660350001,0.4522760860104734,778
-0.013719977442590025,0.48880227812097493,779
0.002960609577081331,0.4830095490636089,780
0.0017502657207154127,0.48194472566020113,781
0.014163782871333928,0.4873974378840589,782
0.019558895332472147,0.5272816637360576,783
0.03038055023276284,0.4790286982087657,784
0.014621208531256745,0.4968393468066833,785
0.019888133141839584,0.47713581324149223,786
0.020360918080616196,0.48406968051439553,787
0.04361745400575498,0.49346676474729706,788
-0.0019295256759073003,0.4952016084016761,789
0.02720417547120689,0.4514723315537207,790
0.01683018963055702,0.4986010476214741,791
0.014662189494791176,0.4984776724406966,792
0.01866219902491904,0.4877767009877062,793
0.03216128639420062,0.4808820978891921,794
0.009002933700790363,0.49563395469280525,795
0.00480056193575397,0.5103255735319101,796
0.018894617807572973,0.49860630609570966,797
0.005460968125950828,0.48391674618805613,798
0.01045488024476678,0.480526913139509,799
0.0029951357348426636,0.4910596379561513,800
-0.004836261381650316,0.4781011691476226,801
0.02317173745089378,0.4923227265837062,802
0.0028170726435359727,0.5031346181784818,803
-0.0034525913494287365,0.47553288723852327,804
0.02194879285025835,0.5074286619626803,805
0.017145753890092836,0.49004476070729214,806
-0.008054565985435554,0.4986233228050058,807
0.019926071897132556,0.49317661011860164,808
0.01970531135884027,0.4697520088615997,809
0.027757717381059904,0.48444355195464117,810
0.001323874941331656,0.48781945938015314,811
0.020203521450683003,0.48518142118450197,812
0.02394283076537197,0.49908472764308215,813
0.021019191360499775,0.4778771179003611,814
0.004022224846953467,0.4821069297812248,815
0.025837109600492587,0.5038722173309855,816
0.017336995722512363,0.5052453041959171,817
0.0106120874094996,0.48653210670928226,818
0.02352798337790127,0.49069492834748313,819
0.023623367832490215,0.4766018865713634,820
0.004079664519785995,0.47653722011755045,821
0.01923975827040943,0.4529183583525111,822
0.03239400464083782,0.5153184735401398,823
-0.006779811951396689,0.5017542915774578,824
0.0014477460373297892,0.47651882683618363,825
0.005779564570970501,0.49700429251462025,826
0.001963764850473796,0.4910440371724719,827
0.004391646828842538,0.4725554450696517,828
0.014667227602221852,0.489086904741289,829
0.012607728765362612,0.4833870028723889,830
0.004736306264234726,0.4844766379394211,831
0.005427279180929004,0.48311357175799186,832
0.043318872814409964,0.5080348712527131,833
0.004118880706237736,0.47153702448999096,834
0.0233277932529356,0.48176615692241015,835
0.006575804158114243,0.48927576940706696,836
0.006510118003452474,0.46734105965748707,837
-0.008850804854174483,0.487665774899484,838
0.02395718367773828,0.47663375276956726,839
0.011925967102764277,0.5036554073178324,840
0.017703987661076906,0.511116094383212,841
0.0039283480432821824,0.49577443839179575,842
0.025913512961364363,0.4842948743654944,843
0.0196298294567259,0.5117500595857579,844
0.018904380567002083,0.4891074201552509,845
0.008160639912032714,0.4946857401564325,846
0.02107401267253976,0.4713240547568364,847
0.046438681289315616,0.5005492691867057,848
0.014567625562499378,0.45879665198240904,849
0.01893929173521503,0.49410411048257286,850
0.014027358897906926,0.4963679935874938,851
0.017110280918049198,0.4710988077677024,852
0.04165954449560931,0.4779101338007186,853
0.03996100371213422,0.479140910352692,854
0.01767082370971441,0.4771165401555353,855
0.03285851399921722,0.49232568803056864,856
0.027585963667703772,0.4638843719476181,857
7.143675321258663e-4,0.4902890607870346,858
0.020495742794048893,0.4573211942395098,859
0.015386993956597253,0.4836505382194033,860
0.01860787315048641,0.4976452071300714,861
0.00307545389150974,0.47123373268803925,862
0.02109698641276774,0.4748198173399941,863
-0.003591618024396375,0.47306752138398095,864
0.009136915297545975,0.47922436883094527,865
-0.004815966305403636,0.49844327984391634,866
0.002312528950637132,0.491950135802174,867
0.02029661764875744,0.48920562830314535,868
0.018026483577498274,0.4873817204329552,869
0.03401546459161705,0.5049318263250282,870
0.03240085607954732,0.5034935445525266,871
0.007825436529865875,0.49834457174623714,872
0.026025604469058914,0.46988609100063233,873
0.00895147729832315,0.4901082904206719,874
0.02827178021732511,0.4780222081775242,875
0.0057915826442986275,0.5056554748977121,876
0.021334231869926917,0.4719830253334067,877
0.0324898226286261,0.4678696973309378,878
0.010648780229198416,0.5036091531594207,879
0.01547213047328617,0.498393147940752,880
0.027559877435987385,0.49197114286836097,881
0.040582280992197586,0.48176698374081023,882
0.04578824326630328,0.5025272685811782,883
0.0039186440069186555,0.47439013228032334,884
0.019804600261485995,0.481682309399241,885
0.04394874535834762,0.4867615803547268,886
0.02607969900943946,0.48121874782120133,887
0.031129468362496138,0.45087623263038823,888
0.008495853217493547,0.4859647080725533,889
0.017067281932278286,0.5136074124153673,890
0.006080222939796242,0.5006347566204228,891
-0.0025353097533957984,0.48197480165499906,892
0.0113498931207235,0.47791142453541857,893
0.0054444765850875584,0.48918062254345807,894
0.04115513684279829,0.4794099917314255,895
0.02396002527562064,0.5044012171955474,896
0.019518809725316222,0.5046452435441804,897
-0.00138743935219724,0.521550727424497,898
0.028596021703305174,0.5017075752092026,899
0.006683515740057316,0.4770184012123774,900
0.006121972191927712,0.47897120531781867,901
0.042252674785876444,0.4806195237831142,902
0.020409896499618715,0.4638584672735271,903
0.032582123644047646,0.4909484426327358,904
0.02583737286469103,0.4491723099667109,905
0.054119160923471916,0.4849969250950573,906
0.008056763154217331,0.49017055446451696,907
-0.011641361722562834,0.4702676045743231,908
0.005467951185491549,0.4837605825497974,909
0.027455948751713557,0.4823905317361121,910
0.02429115908641614,0.4777312289901093,911
0.025538908385811618,0.497364237443785,912
0.022133639007315867,0.5112792059366985,913
0.027736141457521922,0.48035912007565296,914
0.002876310379910335,0.4702861962192949,915
0.02918256529583603,0.5075517714057973,916
0.047474227351354564,0.47533344731665217,917
0.0186272558829003,0.48117748317377895,918
0.027925354082605595,0.48665830058828846,919
0.029595238750988722,0.47839285537378257,920
0.039461805279230225,0.46563129711779544,921
0.04388190953128744,0.48979687433996516,922
0.0058195379959675615,0.5004907631700206,923
0.041400146709855236,0.48347492989002977,924
0.001252537415501236,0.4640627464591793,925
0.04229491333487921,0.506796392428213,926
0.005515872413961067,0.4967965032816998,927
0.027672316096666448,0.4606534074348691,928
-0.0015682083850519276,0.4953646979986884,929
0.02681408949604773,0.46651288262351337,930
0.02689626840954818,0.4919305142860698,931
-0.010702298596017113,0.4592444570947685,932
0.021597522190737198,0.4839177892137811,933
0.00920814373822451,0.4827912627362515,934
0.01535797866003951,0.5183913516696079,935
0.02827591623441693,0.4761839617389584,936
0.021446582850092762,0.478362725052835,937
0.032894045293385334,0.49404423271657644,938
0.02096874645821649,0.510602888376853,939
-0.008512637252461276,0.47201781737075843,940
-0.009256564443831711,0.4883382641013897,941
-0.0028376740610523573,0.479342696611801,942
0.04911071908117673,0.49752537067174857,943
0.017192042932880333,0.5137850957424751,944
0.032822824291231796,0.45508781367963036,945
0.029958086962380934,0.5040303196789742,946
-0.01081843180238209,0.4742543292496299,947
0.008631253224138314,0.4915482967549119,948
-0.0017195853131657716,0.4822827856029583,949
0.031140570234988223,0.4963890859181637,950
0.02475153754234051,0.47586970675760454,951
-0.007034657006211887,0.47726516430899124,952
0.02144740816486887,0.49886183756208674,953
-0.011338345774573546,0.4757148945631242,954
0.022039419279317,0.48972151817840925,955
0.027090134521824075,0.4807270452445963,956
0.007768945597666586,0.4761823179068973,957
-0.006387212770616826,0.5134893023894924,958
-0.003783043840818604,0.4727578061135828,959
0.002802792237521513,0.4919339024025829,960
0.03047515869517651,0.48010052060091313,961
0.023333292607599598,0.4800256198773857,962
0.005348873071494918,0.4724138397453961,963
0.05287100443976237,0.4857403793706192,964
0.03995915660422355,0.4603251384187563,965
-1.4758383772341523e-4,0.48538978490579676,966
0.004780047455710599,0.4912683114799866,967
0.012850112717705654,0.5018714191538722,968
0.025578864986150782,0.4839782139684463,969
0.0011723603796680885,0.487723634253656,970
0.018102792833174165,0.4773416903796314,971
0.019643970463061187,0.48191441627290077,972
-0.006231692571491947,0.4881337820545624,973
0.051014047849212624,0.513531648236137,974
-0.02422693707018353,0.4804270705032718,975
-0.0051824961097015,0.49273326073010004,976
0.005274849536370953,0.5021200399948608,977
0.038334284383776056,0.4700293566055917,978
0.020515055067906945,0.5049430460882174,979
0.03806728558330304,0.4908813191711023,980
0.02649268365880373,0.467544799236324,981
1.8877991433438514e-4,0.4868834573080606,982
0.02337333671885061,0.49551216104863943,983
-0.010259370480211598,0.485243164804474,984
0.01673424613886448,0.5115989068345667,985
-0.0030567471819924245,0.5012652787467137,986
0.05734564848075695,0.5143499118111502,987
0.02249396534256773,0.503438047647433,988
0.011763543781499176,0.4780338547091161,989
0.027552897208391602,0.5006614165194275,990
0.011246488848612499,0.4814295406501243,991
0.020785384649616923,0.4832886921303931,992
0.015399773526807619,0.48128593394007413,993
0.02349241522021647,0.4770189398105432,994
0.02188391749659376,0.4916577831919252,995
0.011107684956425706,0.4820246889630743,996
0.01703860983033118,0.500161928922075,997
0.025137037904702356,0.518621994239061,998
0.02507793060303169,0.4957546835868315,999
-0.0012509881491231944,0.4678299124025727,1000
-9.445569069446262e-4,0.46535953123557383,1001
-0.005497718116623595,0.4984522116952468,1002
0.009985402180636054,0.46622447650676696,1003
0.02999584696994703,0.46533304366923156,1004
0.020519667426564143,0.5039237241264122,1005
-7.124474893136169e-4,0.5063686446698885,1006
0.00795298545136009,0.4797081778443287,1007
0.027569545521226917,0.47098137541880725,1008
-0.003679863583156419,0.5037533024911824,1009
0.022424349788128423,0.4528029267211578,1010
0.00115731318661932,0.4799651275644694,1011
0.020920449548814318,0.49195654014067247,1012
0.0246329158921541,0.5275801303128727,1013
0.035780458132124666,0.470730950139403,1014
0.06334771222530085,0.4883308489394269,1015
0.02271870916518085,0.4881471160934124,1016
0.02029249749333193,0.47906731385584767,1017
0.005564853106988113,0.48929125784924776,1018
0.06749015332388444,0.4794724889479984,1019
0.01103331781970248,0.47993744525530124,1020
0.0354565741716748,0.4898095429238387,1021
-0.003728059265157093,0.4919507836556562,1022
0.042698115297939765,0.49111724187360917,1023
0.004808058448414687,0.4944560010124456,1024
0.020942628526452164,0.48521913806553224,1025
0.03406210249034606,0.49641824858109446,1026
0.01244747816464932,0.4972842149715423,1027
0.021170420523043947,0.47641068293649835,1028
0.029295027717197043,0.4794917310828179,1029
0.03139458594708489,0.47428753601071794,1030
0.02524154543434221,0.4906041341354324,1031
0.01854667068341199,0.4760302160565943,1032
-0.002073582501002557,0.4931534957702048,1033
0.010751587558580807,0.49375828677186134,1034
-0.0051189497499356225,0.48696151321639763,1035
-0.00855734012095884,0.4725868615482942,1036
0.011892117375322694,0.48464898719410204,1037
0.018445971311260627,0.4905960354658891,1038
0.0190144049447365,0.47528226186614747,1039
0.01697492781904386,0.4738285623258069,1040
-0.03070283790728784,0.5204523398840653,1041
0.00469306014063234,0.4812506889200811,1042
0.02178921631417592,0.47237875054285855,1043
0.017159231318539095,0.4776178666464698,1044
0.028383740221339243,0.4924654339820531,1045
0.03737173560673396,0.5149725476911946,1046
0.01736792584836355,0.4863252334988584,1047
-0.006838495689876695,0.48142985036786523,1048
0.015279254479487732,0.49672740800107607,1049
0.02939357280173442,0.4902284047087432,1050
-0.034201538823481925,0.5122715653356253,1051
0.012968829616413291,0.4904787524911744,1052
0.008709585865319938,0.5013576882710822,1053
0.021464911312717678,0.49003595064612393,1054
0.01336982041095775,0.4775177581688696,1055
0.0258274607903474,0.47099119943785234,1056
0.011406824902300876,0.5083187922659247,1057
0.020916025005988086,0.5173171816483583,1058
0.021206878039943672,0.4840848797875515,1059
-0.001435037303760761,0.46875556749409214,1060
0.03649326135083043,0.49007042653465016,1061
0.006364010039379756,0.5049119402869644,1062
0.023549048395248018,0.4951054241277407,1063
0.005775209079149244,0.4933712305727136,1064
0.011390111823531201,0.4904785652314457,1065
0.05891674845805278,0.4961508562390872,1066
0.03221123735368358,0.46976317902330855,1067
6.485102484542045e-4,0.5163453488615503,1068
0.002462349380360863,0.4932688748161617,1069
0.028160639729264105,0.4763576193336885,1070
0.017215988384857342,0.4821130551301523,1071
-0.0031720223846212208,0.4889557083981942,1072
0.025142092169171227,0.4722880554786104,1073
0.014884242509729617,0.4850126508797583,1074
0.016358362797957174,0.47783875601404535,1075
0.02029522465203429,0.505109432238886,1076
0.03730383294105872,0.4763672126122503,1077
0.008337785408000288,0.4968304293348532,1078
0.016590459449715777,0.4795152918567952,1079
0.007516131673214813,0.4942136567552438,1080
0.0016160944994090087,0.49075846611790386,1081
0.03819423547595782,0.5204292106243197,1082
0.010075779767711446,0.4638643859653877,1083
0.007230079559490643,0.48365031299485406,1084
0.03359089709813314,0.4812413570760903,1085
-0.0018927435863344728,0.4799063248138819,1086
0.027077489544984363,0.4647072452336037,1087
-0.009242540603029398,0.48899604037557864,1088
-0.023215117807186984,0.47903639827692945,1089
-9.728159621171417e-4,0.4792629687051215,1090
0.03243905276827303,0.4815089382699547,1091
0.024843080708264645,0.48609216003460015,1092
0.03323834704411293,0.48452430175874395,1093
0.0035408646323894116,0.5180487786332826,1094
0.005430846826838391,0.4925348437746027,1095
0.016988403445166857,0.4847717159206034,1096
0.00519749083991943,0.49256738242733683,1097
0.018831985647855917,0.4751674082325604,1098
0.03336790645226588,0.4963364148136341,1099
-0.007297312272598052,0.5054813939507063,1100
0.03579066951815104,0.4905813233324509,1101
0.03542427724229466,0.4716478355716083,1102
0.047915435477375326,0.4786846888018505,1103
0.012257646232360475,0.4763370098491071,1104
0.029259715896824752,0.47852687643819136,1105
0.03960297862347329,0.48272489473360236,1106
0.004544453219156103,0.484464935729178,1107
0.011284626408497433,0.4988438743600084,1108
0.026668349090221484,0.488176807160217,1109
0.009788276082665155,0.47522177344299443,1110
0.004834497332158501,0.4863338320077492,1111
-0.00384457059555987,0.5256623036180066,1112
0.04208316741835174,0.5026021744957545,1113
-0.006682611273484436,0.47778605066699636,1114
0.022466253994563406,0.47946977391515033,1115
0.0047139705030548205,0.49889314686995884,1116
0.03152754444098976,0.5081946460679652,1117
-0.00237481043849384,0.4842286093918535,1118
0.032720172619910795,0.4816340938087297,1119
0.02233584259724247,0.48760047692903336,1120
0.0016179857993354266,0.5011897279042159,1121
0.005776738675363023,0.4879340547052536,1122
0.015230346207589295,0.48125119130100596,1123
0.03361114966961029,0.47590180618346617,1124
4.6840572805567204e-4,0.47684563830630067,1125
0.017934145520810636,0.4741546466867103,1126
0.028649100549190242,0.5386987476725311,1127
0.043563426237916786,0.5047184653875713,1128
0.020441340352284166,0.4786800159407353,1129
0.040389294179231386,0.48744030768095314,1130
0.04913142413359797,0.47637225462251925,1131
0.01089610231506176,0.4980469741196343,1132
0.023386611088563214,0.49321578716239245,1133
0.02056369733073565,0.4728928014748542,1134
0.026223626677466704,0.5071432509963945,1135
0.0163777749562471,0.4659024861447859,1136
0.03355083667802356,0.484877380215988,1137
-0.0013765520631615375,0.48203820161281474,1138
0.027086207573625988,0.5115959211463758,1139
8.030794432605864e-4,0.48312992976834856,1140
0.059970547124179055,0.49202172299722774,1141
0.048966035525153086,0.5044137881508858,1142
0.022880218730141934,0.48760219927993587,1143
0.008735862908352592,0.4982556369553622,1144
0.028279966606562026,0.49119173978500064,1145
0.029814788431613625,0.49349931876951497,1146
-0.02193781608466078,0.482822444285833,1147
0.03047387329936198,0.4893660088628887,1148
0.03959009622822721,0.5014273059535002,1149
0.03345830389251307,0.48511816822704334,1150
0.023964646404279887,0.5000591144673003,1151
0.042996658085589015,0.47321543734667254,1152
0.03702310754062934,0.5219175719675413,1153
0.030823278824633992,0.4768922584483694,1154
-0.006620438099629993,0.5006148038403476,1155
0.02550246643120432,0.4864321099546607,1156
0.0376599833174475,0.46938542059629756,1157
0.04621353417616882,0.46660818822819716,1158
0.030352010850235887,0.4682260059039206,1159
0.002826924574056278,0.48080300531160985,1160
0.0378386464494381,0.4945891733327901,1161
0.017596294979966356,0.49457469173786794,1162
0.008245306799671025,0.4437508893338645,1163
0.0026379486986187147,0.48378945478932867,1164
0.04374026208371719,0.47674013967312345,1165
0.06974604356608606,0.4722879283201354,1166
0.020190397109967544,0.5068789022105542,1167
-0.01368316628194437,0.49347243807315333,1168
0.011995562328281254,0.502467430653025,1169
0.04375084307301525,0.5019753909499547,1170
0.005003462568281639,0.483167592076075,1171
0.05058687351110411,0.47304419929698666,1172
0.04006060732186928,0.47962204710015005,1173
0.031123488113350917,0.5312724075123416,1174
0.030310353754105245,0.4786344189838232,1175
0.038289533816786014,0.4966656793206573,1176
0.017062029396647943,0.5063996194592666,1177
8.578501624254868e-4,0.48373034997387104,1178
-0.009641353689956722,0.4687694147750436,1179
0.004746640487208414,0.4831721667975873,1180
0.01376852289139003,0.4872071024005135,1181
0.005593124887205366,0.48289953408944214,1182
0.008545523784127231,0.4814128110460551,1183
0.01823750414186143,0.48778630867463935,1184
0.02167409726520241,0.4783094563844307,1185
0.02650544395129286,0.47652451203970453,1186
0.020549686756669603,0.513710729926431,1187
0.0061701624736764625,0.4928661857463513,1188
0.057171980728036545,0.5010963147352847,1189
-0.01506882223762295,0.4804570948871928,1190
0.02503120069736205,0.4775695681842095,1191
0.015598521346490285,0.48189172528725077,1192
0.01788721941689846,0.4740826748917393,1193
-0.002535239017385327,0.47572814551820675,1194
0.018856354362188202,0.4970617258412597,1195
0.0306522826865402,0.47945840394276434,1196
-0.006086508763996476,0.4950035114987656,1197
0.012977994349292197,0.47873982165126455,1198
0.022881521713384693,0.4921912788395553,1199
0.03265425244649262,0.5007607028642974,1200
0.041311373157718906,0.4702679468287307,1201
-0.002510374381145938,0.49268838708279855,1202
0.03352899502853743,0.4779812345404789,1203
0.03427763991506783,0.49144816147566633,1204
0.01920290490196359,0.48880724120228486,1205
0.05453114005572064,0.48847670763362205,1206
0.03731178700823479,0.48816830016491086,1207
0.025073129701167134,0.515485099113956,1208
0.0030383404959365744,0.49200923137703023,1209
0.01680827138927741,0.45212413750201025,1210
0.03947660817337348,0.4854761837954288,1211
0.019075118672166394,0.4951922729666186,1212
0.023008169955175482,0.4934563300042536,1213
0.03136457832926542,0.48337192909433213,1214
0.0042806799974933404,0.4946886442628659,1215
0.01660807421099689,0.5389575136843009,1216
0.04481994083975682,0.4757101454809036,1217
-0.00961148486380717,0.49133551911087614,1218
0.03463807741375498,0.49351045424656037,1219
0.01590874242482967,0.5000599218727358,1220
0.007038601571849114,0.48569211875326007,1221
0.009073540953067767,0.4802660636675632,1222
0.025358278170346048,0.476895507330933,1223
1.273093303017789e-4,0.5338942518182153,1224
0.020631225317103943,0.4964766678161046,1225
0.0054463036012958425,0.47740969492296975,1226
0.024945798636673934,0.4728120723355306,1227
0.02113000260194051,0.5040867178097674,1228
0.0016809406373492581,0.4771598624639811,1229
-0.007885504919762325,0.50498669308538,1230
0.018525824242438545,0.4691778692783845,1231
0.008228142681791582,0.4604804807062651,1232
0.03626111313531838,0.46330769724316745,1233
0.046245115981341116,0.49839458148947186,1234
0.026479280721625406,0.5232712458604455,1235
-0.004771265236732488,0.5030882277199654,1236
-0.0076450041007975885,0.47315182807612755,1237
0.015509561542303969,0.47170916863146234,1238
0.03570213858469792,0.47606096552115496,1239
0.017052981958421972,0.49524785677248934,1240
-0.006783630625877331,0.5029297093075373,1241
0.02801334727345307,0.48680094693699116,1242
-0.0032065456991710096,0.5002235500130316,1243
0.004303282714706104,0.47523600450297226,1244
0.02638329386903853,0.5078325178386391,1245
0.007814648828656503,0.4990894395819949,1246
6.18279312626206e-4,0.4668164991688054,1247
0.01377813273615141,0.4867535510517568,1248
0.02098729499563165,0.4771388254801371,1249
0.010777750362311447,0.48769901300468327,1250
0.020556686594048076,0.49888452543288414,1251
-0.018313583486681623,0.4843680778387632,1252
0.04060325443369858,0.46647655211731287,1253
-2.2645695055169106e-4,0.47537482352042426,1254
0.04912702087104825,0.4923718993889958,1255
0.016810112406982568,0.47646793863095244,1256
0.02651768414957837,0.49869874907207956,1257
0.017105871708497717,0.48995708396402604,1258
0.00975383507888526,0.4967757812346937,1259
0.02720541047599828,0.4856004255482322,1260
0.01784996468629433,0.47550394788500355,1261
0.031029396469541504,0.5086192570873206,1262
-0.006542157751687923,0.4572712809537487,1263
0.024143741412343166,0.5001619042000842,1264
0.015740437569432934,0.491136931410597,1265
-0.003411560666292583,0.4820415469387447,1266
0.03494138081759843,0.47689269410567625,1267
0.017124710689013046,0.5116322864180237,1268
0.036160798855346704,0.4816171696151821,1269
0.005297292256109419,0.4901939696420751,1270
0.013027414160948159,0.46935725576252585,1271
0.01612041283985711,0.4713905012895092,1272
0.030783944436842167,0.49498841013275596,1273
0.012405077875558623,0.4753136803646049,1274
0.03304174715084295,0.4947141879501971,1275
0.02095512637702726,0.48716253611194654,1276
0.04333337707954868,0.4810522875985552,1277
0.03348519071413564,0.5142002904650055,1278
0.03022074484673513,0.4784639972255235,1279
0.02888624615788392,0.4660278905249238,1280
0.034687194004645386,0.49845296413061263,1281
-7.82131041112322e-4,0.5035894781432871,1282
0.008225356109079337,0.5098744828820126,1283
0.034254760843996396,0.47861354232650044,1284
0.024631693108025165,0.4830868170594885,1285
0.0339574387863034,0.4981865559940128,1286
-0.007544924545530908,0.5062680681155525,1287
0.02641834042187441,0.49493151916070516,1288
0.02500746881446292,0.4907841805624038,1289
0.04387166939840521,0.48502398971477145,1290
0.04626536654118924,0.47630957033227084,1291
0.022302226125733238,0.5100194223783476,1292
0.036604653355268336,0.5249454682668038,1293
0.023061226963662165,0.49665613673717507,1294
0.015209540156881236,0.5052600329577135,1295
0.019481140362771494,0.4663444578008758,1296
0.027558720686579507,0.4672971739774262,1297
0.024309539823001068,0.4877667970960131,1298
0.049508704524968174,0.4903458423368015,1299
0.021566467581356615,0.4618673134100893,1300
-0.018300728298980704,0.5202668349680651,1301
0.01943265453463941,0.4843286448861053,1302
0.014313476072052037,0.4803272015801385,1303
0.014468422477709342,0.4792431991224489,1304
0.045692641915685533,0.49658410813378023,1305
0.05213201312466037,0.4937878257517996,1306
0.023943182227071366,0.4839915308625628,1307
0.01948872355653619,0.4675452998572484,1308
-0.0015101401567032165,0.498680955250345,1309
0.011944328123525479,0.5021048852969991,1310
0.017723975737819787,0.46733497901039994,1311
0.03949804552111433,0.4898576569632161,1312
0.07121782338503811,0.4995635462916837,1313
0.02697550095259198,0.5012252736006174,1314
-0.010835731756528808,0.528492380600898,1315
0.022263631800467833,0.5074999450458987,1316
0.03704849336169426,0.507843245400752,1317
0.004179756860343968,0.48602885560956965,1318
0.04107957670425143,0.49746223006711576,1319
0.042680776215106506,0.49857674669743346,1320
0.015206666070897266,0.48942024460216443,1321
0.013408663850490537,0.47057367100303055,1322
0.009776387167370261,0.5067064628532477,1323
0.030879725230587903,0.47398868588736165,1324
0.037847836538740645,0.4988117742292022,1325
0.012081861016199683,0.4808714867499259,1326
0.040668132053079654,0.48517416052565576,1327
0.02589106929655587,0.4916894687074361,1328
0.004201382678090816,0.4695506748381723,1329
0.01092121621292452,0.4792024248485637,1330
0.01779558264412171,0.4895677504227443,1331
0.014543292473964653,0.48169009822851855,1332
0.004385277632681981,0.5020660901855764,1333
0.025805447670375816,0.4955801826898937,1334
0.009829623375508304,0.48811332397642637,1335
0.011258805187966632,0.5167120948776702,1336
0.03766734938115292,0.46898193897172824,1337
0.058225898329025735,0.4843263155258612,1338
-5.043565916107013e-4,0.5122606380703971,1339
0.006412975342561294,0.4993106828987908,1340
0.02634659164347562,0.47995956718322197,1341
0.027921341792824666,0.4729355478832145,1342
0.026246587653088023,0.49355267036935646,1343
0.020614232050900818,0.48849217221584434,1344
0.026638091548792448,0.4992806582387963,1345
0.0036830358143666547,0.4807870046942123,1346
0.022331192417185796,0.49105958272703554,1347
0.042448739285757923,0.4799123266231695,1348
0.006609807959424005,0.4942585084519309,1349
-0.006563051156637756,0.505529897130467,1350
-0.001584703500916463,0.47791372025687423,1351
0.023486575204911177,0.48994516960874496,1352
0.009585334202041407,0.48924904671113234,1353
0.03618560394840625,0.47192499072009053,1354
0.019764342647468198,0.49527646986645957,1355
0.010508961424835237,0.4604974302905313,1356
0.03519416201438558,0.47155116820391335,1357
0.03419329121395704,0.49026362350259073,1358
0.019931647745156034,0.49592025362139336,1359
0.026067159009550565,0.4835677467112002,1360
0.003870176537586043,0.4766694096293019,1361
0.019442333213654944,0.494513998567952,1362
0.038690144914566,0.5064718981509039,1363
-0.0016349092936097384,0.47482510771610537,1364
0.009119509474297065,0.460764062843489,1365
0.024091099698538586,0.5030529539662516,1366
0.013668957290577136,0.4885066699827879,1367
0.00867313651533752,0.49706075250823617,1368
0.025876510363306522,0.49774882138727206,1369
0.010856857904609402,0.5002017879144628,1370
0.021214076032792295,0.4783092775254282,1371
0.020359520578249374,0.48682559169598616,1372
0.03218859360234903,0.5069026099937005,1373
0.03533699057426576,0.48785201119387367,1374
0.004337771000169294,0.48920237053357557,1375
0.045765960580034605,0.5082238056079268,1376
0.025196360444145107,0.4927335306276079,1377
0.031398294418559604,0.4990792946666856,1378
0.015696069146328984,0.4968189800601582,1379
0.041316151948791104,0.4745363214682222,1380
0.03267202662385149,0.4837172886218366,1381
-0.009569864849452948,0.49089101090873977,1382
0.028100664611872425,0.4660399465299728,1383
0.041737041414054765,0.46417245759187353,1384
-0.024814488329763122,0.49863582757882635,1385
0.023203748784108365,0.4977500689007955,1386
0.022703993172653435,0.4798327837319586,1387
-0.021934001402424873,0.49423222416142143,1388
0.02935349133864143,0.4917536400927349,1389
-0.013596821715590957,0.4847400323790029,1390
0.013059079389733594,0.48875925727101166,1391
-0.019754821739455506,0.4916518014154585,1392
0.013229256440998295,0.48367635676576914,1393
9.080779653460218e-4,0.5140506262452964,1394
0.010399236020130577,0.4928137869365872,1395
0.0059968090679058984,0.47577875361497146,1396
0.03450378668349055,0.4761063303070206,1397
0.0022415339088195842,0.5079929666158202,1398
0.005448361373889609,0.49414789762759137,1399
0.033489053631434826,0.49063965627033684,1400
0.028580879868331143,0.5122401631530755,1401
0.04031141468033471,0.49820873915345687,1402
0.022524789960175824,0.4826163766197426,1403
0.009663544535029343,0.4815052531905306,1404
0.05346343898073078,0.508742133181844,1405
0.030496216391420042,0.509832140010457,1406
0.0359877060262397,0.4962802736684544,1407
0.01555360601302587,0.4959403611698736,1408
0.025608556134115817,0.47834615296402105,1409
0.014820523207265039,0.482745039101143,1410
0.04847787972269516,0.48178836617988763,1411
0.02069644248719572,0.4869198415833793,1412
0.042927086142777994,0.4803929646384638,1413
0.010629744108559908,0.4989167779823254,1414
0.03678647148027446,0.4832876609653358,1415
0.03225712435372923,0.47354868196140987,1416
0.03487220899841694,0.4900467172675547,1417
-0.0037694994790591204,0.479438515497696,1418
0.0116572574131408,0.4797716170138914,1419
0.015620594845036624,0.49348351912017335,1420
0.025625522565908852,0.48339792080412797,1421
0.02894279578940098,0.49109118320184564,1422
0.016467327865967475,0.47915683719446794,1423
0.014219375219593027,0.488601112316947,1424
0.007816336858771923,0.494214240418091,1425
0.04171486937178376,0.5160881122599661,1426
0.007127403107475897,0.48221529761100773,1427
0.04830768604762584,0.49064906414051107,1428
0.015065595608925425,0.475486067387028,1429
-0.00229375176912774,0.46932065006930573,1430
0.05086982969924601,0.4721380006080682,1431
0.011175075061190844,0.4759312372091137,1432
0.03758234165412719,0.4942427928543906,1433
0.05400720512680751,0.48967664683390094,1434
0.012665138635835203,0.4652300137589739,1435
0.017979096483195327,0.4974357274956774,1436
0.021515288394184973,0.4948308688229543,1437
0.03982723460168934,0.521041931833479,1438
0.025013144916327064,0.4972919322498148,1439
0.018182542361467744,0.49107127292908415,1440
0.021910536341329813,0.5077314456625625,1441
0.0176000134355747,0.5032886283212382,1442
0.028382512571202848,0.4596213199452988,1443
-5.112523236346899e-4,0.4676056064150571,1444
0.023322151083818823,0.47721547906964923,1445
0.00574239367000423,0.47876257299953595,1446
-0.001884489000414118,0.4864114762750345,1447
0.00779399628703963,0.49572742720076973,1448
0.014830806447926857,0.4719342120900649,1449
0.02079683154118724,0.49678482044969535,1450
0.01794025473966309,0.47438102804987753,1451
-0.01633229908249624,0.4832800814828312,1452
0.03636066576697165,0.4833034524455547,1453
0.007760661500073709,0.5005757131493295,1454
0.03015462617341585,0.48327883532338217,1455
0.013443381407244593,0.505141297188662,1456
0.008968231963115605,0.4838618943229928,1457
0.015649838239221878,0.48783542895612764,1458
0.028925892380260845,0.46415056797016174,1459
-0.00787409509901744,0.5156576874848281,1460
0.01121701796065206,0.485879839482207,1461
-0.00649660460898178,0.494547781798714,1462
0.023065965899718543,0.4616066884118901,1463
0.00491999796786444,0.48099076549036157,1464
-0.0025613662998371796,0.48866579166552154,1465
-0.010996242765272137,0.5074786865943891,1466
0.0046571845503793115,0.47860053559097016,1467
0.02151752672168169,0.4811048328067546,1468
0.016815289304682096,0.5116823112416665,1469
0.012018849002109509,0.4938282799964525,1470
-0.005506393368918197,0.46521991605396695,1471
0.031010851508406226,0.47669038788506085,1472
0.035317627172664706,0.4918808291433681,1473
0.022405145974790736,0.49869956994233394,1474
0.009173481549903132,0.5128596360425398,1475
-0.014990898329963177,0.4728176227042575,1476
-3.7205056185459504e-4,0.4894218024226759,1477
0.011009882124032451,0.4777753511122657,1478
0.029445147857668403,0.4946900302855087,1479
0.01870621659334988,0.4848988482339657,1480
0.05474713751153991,0.4925734086269261,1481
0.021451661301249078,0.4859584857576398,1482
0.028625267567457365,0.4923584909640506,1483
0.002841708985678225,0.48369841116517387,1484
-0.022132003908053973,0.4872865826016451,1485
0.030883933434957097,0.48157910830785694,1486
-0.01771281595250324,0.4627603302708818,1487
0.025192035688304373,0.4876351354275853,1488
0.04293399189193194,0.5091722796644939,1489
0.00628703224931047,0.4821590151714607,1490
0.02396457686813299,0.5094941610541641,1491
0.011064264357095937,0.4815331527160874,1492
0.04347722381486939,0.4737835371511147,1493
0.03240513109587705,0.4702109848313819,1494
0.028978039916792344,0.4612796397219237,1495
0.029728212503247024,0.4828899594774234,1496
-0.022297987564069928,0.4736448273049723,1497
0.02167084472811096,0.4715073557248688,1498
0.009700650936921157,0.4807367911766493,1499
0.036794451454970255,0.4788071709721168,1500
0.03924695962873077,0.49876525560654134,1501
-0.009690440066416233,0.49539255472312405,1502
0.022503690065724283,0.4930627169038735,1503
0.030315809481238295,0.489977657386322,1504
0.0373234934578618,0.46257348777606927,1505
-6.600099824585987e-6,0.4850921097621788,1506
0.021453493697700582,0.4937817641616695,1507
0.0037127951310740523,0.49981897482869586,1508
-0.0014695810733454868,0.46801194829835047,1509
0.028826910793988574,0.48454728326273144,1510
0.0072856663206027775,0.4844416293459952,1511
0.011639154319378628,0.474313356120544,1512
0.00389745005571309,0.4748761990124,1513
-0.00922223180704437,0.500728091109576,1514
0.007986274245338904,0.510998590935544,1515
0.034054999169570215,0.4818490168366242,1516
0.015685558562923328,0.4839864329985033,1517
0.006989360115405159,0.46357730452286583,1518
0.014909747821393511,0.47919216095378464,1519
0.04196152425583421,0.5069801057953726,1520
0.022455946059150075,0.4891604591479112,1521
0.018590529099837497,0.4925416994594728,1522
-0.007286441535679264,0.4943718163229019,1523
0.021605963780402124,0.483365494730661,1524
0.010373678620819594,0.5043413898262185,1525
0.015729457730992574,0.5025536911920895,1526
0.03321666621415631,0.5065756348354964,1527
0.028391986090982826,0.47409305641490274,1528
0.025799500504785976,0.4939004174567267,1529
0.02974829484125563,0.4746997100746272,1530
0.05663776181533383,0.4909173371983084,1531
0.03934330865308341,0.4737666894205857,1532
0.014600185162724485,0.48852095049186917,1533
0.004537116723990099,0.5006103489460855,1534
-0.0030430940794365646,0.4617807311960557,1535
0.00939284349175191,0.4871854705350342,1536
0.011120959940536688,0.49495889237089263,1537
0.02658466954739936,0.48382611293735317,1538
0.014064813080588337,0.4795385000395136,1539
0.010944105559636187,0.4877349031976755,1540
0.019757659306804072,0.5041878405690858,1541
0.02253043116911133,0.48442490978022423,1542
0.01432565592184372,0.48940910027414586,1543
0.024509695124882484,0.497221921693788,1544
0.005478949931639338,0.48363246245875524,1545
0.013230822036027217,0.4815182116444917,1546
0.036919432943503576,0.486980641947419,1547
0.014863017361489785,0.4884652734755165,1548
0.009637731512191102,0.4874117184505317,1549
0.015412434573706387,0.4757442502974433,1550
0.0024567549339491535,0.49176963120761014,1551
0.02674989526134694,0.49471014982817957,1552
-0.004513190652133334,0.47185626479819043,1553
0.006891728821506197,0.5182193618187108,1554
0.024419863451613504,0.478717432560063,1555
0.028159356116745686,0.47381220545064523,1556
0.011499258523377801,0.4848397296799881,1557
0.01930546741040211,0.5036662002950206,1558
0.014352748737845209,0.4871427471121723,1559
0.032743368547295156,0.49391498727999766,1560
-0.004943038322850235,0.46895201615479337,1561
-0.0012278226422939844,0.4966163076484309,1562
0.03357977750851396,0.5043124869814852,1563
0.006323396739719051,0.4730700132908884,1564
0.02258461517929144,0.4869334819359615,1565
0.02033894424800376,0.4792171064931784,1566
0.032743462629641895,0.48658202364869,1567
0.0020730029432721644,0.4782165048919149,1568
0.025135523494463123,0.5074743721902804,1569
0.015536874379071114,0.49801887256030297,1570
0.004247566219718792,0.4999857900865379,1571
0.02476724306488348,0.4860934888989961,1572
0.03866435693948768,0.47739106235826206,1573
0.02129706300050735,0.5065546040498129,1574
0.027527857948439764,0.4694529540778419,1575
0.023708912547540345,0.48464905332229335,1576
0.02369770467500428,0.48094425269953006,1577
0.023061199124541465,0.4797352824647807,1578
-0.01794372102279377,0.49696778008120807,1579
0.012141023207610197,0.48774660090094435,1580
-0.007895241531052224,0.485185616172349,1581
-0.0023134594543877214,0.4811257650601265,1582
-0.008534016194912576,0.49698934866949807,1583
0.039566697587246756,0.4775678021049339,1584
0.007897385511536488,0.43946294755281007,1585
0.011788268889684216,0.5014569619384291,1586
0.020103356691533153,0.5168499242935288,1587
0.011826525252338332,0.4773273224898075,1588
0.016203700487545276,0.44577393106121865,1589
0.02564411158235492,0.5035286823247909,1590
-0.008412115108259545,0.5059181151049751,1591
-0.011836362389924743,0.47523218931959554,1592
0.014449461038871562,0.5206301793534962,1593
0.029890136266035153,0.4902553189150362,1594
0.00419832584676804,0.48582425370619664,1595
0.006896222521789343,0.46363090719234606,1596
0.0025916285478880512,0.501217529042305,1597
0.02946536565284355,0.49161173419342385,1598
0.007222251911383225,0.45692768427412794,1599
0.010154697356131366,0.46853277185247305,1600
0.014580074816782758,0.5008297949902621,1601
0.0029771158651376896,0.4895276841284224,1602
0.012586137379437657,0.48647842091345983,1603
0.0046038200415730035,0.48477663089361933,1604
0.0012290523461069387,0.47701327478533256,1605
0.02015422896990902,0.5092723821048628,1606
0.02486145407058301,0.4798506651300788,1607
0.04201016934440696,0.48621532585980265,1608
-0.013696528075668141,0.4649370145584105,1609
0.008320713876163777,0.49531280297016,1610
0.039495705039796866,0.481923149352047,1611
0.037095642803780866,0.4839881086389928,1612
0.035202909886671886,0.49015910168840515,1613
-0.012618734063790377,0.49335654107444754,1614
0.03378865053084484,0.4954189961471678,1615
0.04822067357728839,0.4840041106990346,1616
0.023219465231306764,0.5153036192638291,1617
0.04322351439357872,0.47894170996998675,1618
0.017198979555650938,0.47665537049625445,1619
0.01929368774833925,0.5194226075752406,1620
0.001578497413674461,0.49729037814504756,1621
-0.002581087673520471,0.49598305901739187,1622
0.021133637705896057,0.5103063038016754,1623
0.04907537517915508,0.5019375411390562,1624
0.04056677301299346,0.5059690440298463,1625
0.01515762207279277,0.4879628250897516,1626
0.024806697054984513,0.5236596150999049,1627
0.01672810402064267,0.5069117229726111,1628
0.0034738179955904154,0.5047295324014457,1629
0.03371187790347779,0.4962465360758248,1630
0.02063546471194399,0.4878997382789809,1631
0.046720288240350384,0.4858527517135079,1632
-0.005076846303902142,0.486216084182157,1633
0.029321920652337796,0.4854190227844556,1634
0.01755939438466011,0.489415136684288,1635
0.03439613715822545,0.46636445086880574,1636
0.015496354940331884,0.47882312372004354,1637
0.027726778518162395,0.5074450646171086,1638
0.033346362652186434,0.507749755237047,1639
-0.010224767986401043,0.48771182164466226,1640
0.04252621775335189,0.4885567958054983,1641
0.01818900349610956,0.5021028386898394,1642
0.030235517846153782,0.4916692255748505,1643
0.02071777579901402,0.47457706380510223,1644
-0.006250767513769842,0.4799845946284514,1645
0.030383949751490523,0.5059506393811419,1646
0.019222912495651834,0.48675797866077297,1647
0.012507825595303886,0.49437140439119404,1648
0.03871122955759765,0.48044867859078,1649
-0.0016092355884145312,0.4681531938627576,1650
0.016979590582709796,0.503761699734153,1651
0.02201908082836902,0.5179155696228884,1652
0.008347858877815006,0.46649389978393135,1653
0.009938110221485753,0.4784645361416275,1654
0.04709612561272496,0.48854768191875897,1655
0.0275048875316808,0.5045026465992604,1656
0.013055723378271147,0.48649878131200364,1657
-0.005397521340196206,0.47671416655739285,1658
0.020587524641127494,0.4971119117126394,1659
0.008791505603780983,0.4802178132101611,1660
0.02110738537686517,0.48874751971870284,1661
0.024719649124247657,0.5012599622092648,1662
0.013205392378796537,0.506314159307938,1663
-0.001594101498954387,0.47369987221175525,1664
-0.00138896077664,0.517788405494319,1665
0.03142853961205166,0.4897710987959824,1666
0.013621698721977864,0.4798445312683714,1667
0.001810151618812658,0.48488778794195103,1668
0.04706164728220281,0.48454738130333397,1669
0.023900307103125774,0.45620545507347726,1670
0.02153640113667177,0.46848048514205853,1671
0.030596898664594915,0.5224340716003238,1672
0.015914375875992787,0.5070788882933134,1673
0.014847361034638846,0.4726641794986607,1674
0.013045964735621706,0.5054591021996203,1675
0.04384024090307998,0.4881279713554844,1676
0.04076442956899816,0.48918992794741173,1677
0.02022008269808305,0.47420938655177153,1678
0.03171981795304136,0.5117624695240114,1679
0.03186117744843962,0.4879824964765902,1680
0.01582092065330841,0.47693198343245896,1681
0.021438765996971747,0.47280840613502323,1682
0.012679500621205805,0.4794243845922707,1683
0.00872233279719356,0.485561549378412,1684
0.023113270572647112,0.5172541812524643,1685
-0.0051458630931883334,0.5005065021179583,1686
0.02005602139982929,0.4713548842162087,1687
0.05261105551430986,0.48318501031047373,1688
-0.022248860044831967,0.47819321779276974,1689
0.003200046640262214,0.4749763713745776,1690
-0.015428905140108584,0.49613400974674776,1691
-0.033433783830905006,0.5163278997338479,1692
0.026627659501191156,0.5159918700624111,1693
0.03331679474709901,0.49787444255522584,1694
-0.012605156069144412,0.4979908443983269,1695
0.04031192040579923,0.5111561957444075,1696
0.012047951399187974,0.49640795750353783,1697
0.009896809177654358,0.4699265029942094,1698
0.01362058726857527,0.48385230789622313,1699
0.004717374856447685,0.47673008981693543,1700
0.028824878697805364,0.4461218386101106,1701
0.028619457137393244,0.5007533659059971,1702
-0.03361420138921055,0.49221527708810303,1703
0.022548420676924127,0.5006775668142557,1704
0.016844487861394048,0.49744637034676054,1705
0.02251701632013664,0.49166754760793996,1706
0.018801516218662592,0.4662814570485597,1707
0.0118903523215692,0.5126019672074646,1708
0.02110500462902399,0.47465207304923934,1709
-0.0056137623468516164,0.5030071494371874,1710
0.010562538264056232,0.4833700538997973,1711
0.002850869812819054,0.4753780956853203,1712
0.010071878418377802,0.49331454784424855,1713
0.040040671781374236,0.4894864357291401,1714
0.014638555773269621,0.4736780106870388,1715
0.005521727059042988,0.490944498123018,1716
0.005032196551330442,0.47653921995029885,1717
0.02487213183886701,0.4821955309569835,1718
0.02422255199263349,0.4878037032652991,1719
0.02074152798779128,0.5032954041641924,1720
0.015964569410926267,0.5035944688249191,1721
0.01339792228264632,0.48831353725578297,1722
0.010573633969341549,0.4991099515184827,1723
0.013453935376435888,0.48836784261177235,1724
0.015528283061329206,0.48837566525405357,1725
0.0029989450324594278,0.5009894854665492,1726
6.729846923393488e-4,0.4923500017618322,1727
0.02067391490400327,0.49873209434201765,1728
0.004161053932723697,0.49625297124597156,1729
-0.01983470014676065,0.47245325029111324,1730
0.018685148899959862,0.48603122433398754,1731
0.06432007040131064,0.4943143434527072,1732
0.0033904893937245946,0.4703488399371959,1733
0.04965227452152501,0.46550218221088546,1734
0.026780799936979283,0.5092603906269485,1735
0.03008032203864286,0.5047834159136013,1736
0.0016315707755457146,0.484429953559384,1737
0.021266208450367134,0.4935412411132961,1738
0.039105467413269736,0.47459447583627157,1739
0.001167893028040447,0.5081685744827933,1740
0.026102011798480054,0.5240974023712011,1741
0.005658865385712617,0.4745761002794148,1742
0.028390287720886316,0.4821486072540319,1743
0.042668214318034615,0.48585059288553967,1744
0.024759754790132413,0.4817460979798429,1745
0.026074389689777,0.520884129717431,1746
0.008390654262772525,0.5032959928845583,1747
0.006404867867782897,0.4631622360587306,1748
0.030242132263774743,0.4819869079187366,1749
-5.520089734518838e-4,0.48088368878644194,1750
0.011251912392765519,0.5135679789962124,1751
0.020165403149609053,0.4873255365622516,1752
0.017013210420750314,0.5104126994752335,1753
0.029202940797366538,0.4700389923246042,1754
0.0027215171915152894,0.4937440032874115,1755
0.007610949637602132,0.5030562003375758,1756
0.04562522586462275,0.5234082742152045,1757
0.027027393954770804,0.48421068530344447,1758
0.024759037769674933,0.4708242528101629,1759
0.025062211191239334,0.4767129456089459,1760
0.019875241386323867,0.48416287854772,1761
0.013697542386266295,0.4906305094038393,1762
0.025136714475024944,0.5348713161551634,1763
-0.006099259564732394,0.5021015892961599,1764
5.686727502353898e-4,0.46974492914776816,1765
-2.8665613254966584e-4,0.48551591809104094,1766
0.008498239243612118,0.48945390649691817,1767
0.025215992654467684,0.5129640305199699,1768
0.010144068706056978,0.49055738390533865,1769
0.055527586680568654,0.4802773851715685,1770
0.009119780730245807,0.47948858949218626,1771
0.027102613573442538,0.498869411792113,1772
0.04181979272921828,0.4654597766115358,1773
0.02041354988888007,0.450867069992179,1774
-0.007523556294535343,0.5105069866595038,1775
0.0034494366515134822,0.4769815668427731,1776
-0.005077992005236009,0.47943656747501207,1777
0.021310073626807632,0.47707390480824474,1778
0.0020836932840495436,0.5290813130483495,1779
0.01295037246534796,0.4649236850178272,1780
0.021699170817981197,0.4536942641012127,1781
0.030910048883555783,0.4829629852560236,1782
0.034957782339502766,0.4877075277619537,1783
0.021579230116010557,0.47303613053986765,1784
0.014447557468642746,0.4803813282679925,1785
0.04030121031192288,0.5032947202907414,1786
0.047299307385399024,0.49776580870617815,1787
0.04164805920709233,0.4809759356023956,1788
0.03369456150706047,0.49795654830927455,1789
0.0483447590176004,0.47367127253291874,1790
0.02821417102680838,0.49975678191722905,1791
0.03797980288031149,0.49680920749178287,1792
0.006016756529005847,0.4855543563150552,1793
0.01566923965929126,0.47507532023953336,1794
0.052728353229900514,0.4660069486251072,1795
0.018792923637507453,0.4888542514748862,1796
0.005035347573086471,0.49508728359156934,1797
0.027604193356957123,0.5077978468862231,1798
-0.013551923124002413,0.49511812224682744,1799
0.01683389315345096,0.5110138812618584,1800
0.016466707410953643,0.4940596207893918,1801
0.015516778724369601,0.4920882241338614,1802
0.017376898634715747,0.4699071988759648,1803
0.020120665457457894,0.48980604354564405,1804
0.04268489577001932,0.47664782156993807,1805
0.008361048312974816,0.454570097896814,1806
0.029775652237210834,0.4844736722602994,1807
0.021687498726950753,0.48279695518115623,1808
0.024339152903365812,0.49064889648233173,1809
0.01784839063703339,0.47593787175212116,1810
-0.006926958991522399,0.47689864857020015,1811
0.006316670722876923,0.4840876752860591,1812
0.0361088713456894,0.47958561638904457,1813
0.03106215603667924,0.48896853929319234,1814
0.027367004398132586,0.4911776882555873,1815
-0.022351554965712648,0.4830822136429969,1816
0.017309620007467243,0.5049288646186546,1817
0.011211434344035291,0.4848422021857945,1818
0.0314478267327867,0.5015730989433422,1819
0.020064408801782188,0.4574199771266292,1820
-0.009793322935489002,0.47847750489985613,1821
0.0019893565487973976,0.5065238919224269,1822
0.017033672861309516,0.4968648298934908,1823
0.013779361130425714,0.4564209078661489,1824
0.014888133685555376,0.4958433518203459,1825
0.042329056205382846,0.50064930392452,1826
0.03373443523775979,0.4815292834138854,1827
0.02973784969663841,0.5011603119369515,1828
0.013579203680900697,0.4772451926452464,1829
0.025919071456087107,0.48667802645647434,1830
0.04207044647955529,0.4945479194010546,1831
0.009763670337716331,0.4810553232453539,1832
0.03084415539103203,0.4955003328555299,1833
0.009752754879832903,0.4889098151655445,1834
0.011316105922025659,0.48162450911012766,1835
0.039406834195671724,0.5054960520218347,1836
0.010529363449429046,0.4977290995593386,1837
0.01745532771589955,0.46844635547070207,1838
-0.001845158975125972,0.4889534167302915,1839
0.004213707266271892,0.509242911497631,1840
0.0046457924054402865,0.49697436046532956,1841
0.00423356760246986,0.4483049202739248,1842
0.018991692919063913,0.4929411417888018,1843
0.024459937026227535,0.474500035091202,1844
0.03296082038252016,0.513547640945794,1845
0.020110144711467312,0.4808894493888885,1846
0.004807587695778042,0.49501350007941713,1847
-0.007046712822596694,0.4883436034177663,1848
0.007638965198594683,0.46595451223298967,1849
0.02293750678498216,0.5031935225739541,1850
0.00828775489127613,0.486817156340963,1851
-0.008274592931622577,0.46842333718265317,1852
0.021998735723170147,0.5086969725087505,1853
0.008468933267980525,0.48550417031064763,1854
0.03349692113805809,0.5179814194461042,1855
0.03385610596513728,0.4768361001002293,1856
0.013233084762008008,0.47618941804559595,1857
0.009305360122474758,0.49675453366768996,1858
0.013329718551682562,0.48430362183697495,1859
-0.014180470835724388,0.4833790503151325,1860
0.035478254594787526,0.4989293222492448,1861
0.04587335659435801,0.45348359085467665,1862
0.03372757737177355,0.48880621764660476,1863
0.011601783171582248,0.5095361570712363,1864
0.013801201129521004,0.4710916757851861,1865
0.017288120031382633,0.4745352508411445,1866
0.010519719948046522,0.4721214160723137,1867
-0.003157283184657257,0.4852910795799501,1868
0.021032629292308844,0.4829297790999564,1869
0.031248969085123472,0.48750934471886415,1870
0.0243415328974389,0.48801534154522064,1871
0.02264727547631653,0.4768796909865762,1872
0.027608449255413173,0.4705265331120389,1873
0.03654587107213572,0.477174199762085,1874
0.0244083088447161,0.5049451747084942,1875
0.026288901312213064,0.47160690413094997,1876
0.04035938531590927,0.48984187312666916,1877
2.196717719845226e-4,0.47966245592111945,1878
0.03699083588731418,0.47914867902390923,1879
0.022698118663052623,0.48493804182491435,1880
0.031807304032656754,0.48000116012325705,1881
-0.014054631926893204,0.458763760204165,1882
0.02613064054176535,0.4897875303417567,1883
0.05500298246379519,0.49357484747564806,1884
0.020933449247719612,0.49101234915878667,1885
0.004119408180427228,0.4790316484455807,1886
0.009103903079075978,0.4919783751000128,1887
0.014621855207686506,0.48674387973296446,1888
0.027568359959524686,0.5047122760481288,1889
0.03177087425492715,0.4978147519615223,1890
0.013029645114928844,0.4792474389400417,1891
0.042093682618866674,0.509222437975923,1892
0.0124282425057313,0.5059236994881053,1893
0.01710424779543261,0.48928064446466096,1894
-1.7698280633502914e-4,0.49859633474459725,1895
0.008267813182793342,0.486009866422212,1896
0.01250521991404715,0.4680012243408613,1897
0.02767574659215829,0.4703588036658945,1898
0.030562373685806804,0.4759095261598415,1899
0.005099807676179223,0.4745638996144583,1900
-0.006304200792050248,0.4676509550420183,1901
0.013043110477144002,0.49703665242443545,1902
0.001362106420049707,0.48591858470444094,1903
0.04536160940329031,0.49205808007172647,1904
0.024971809427990824,0.48940201252978877,1905
0.009198584194897011,0.5133181051114486,1906
0.012769350057986045,0.5164628604229798,1907
-0.0025224397892103026,0.48751756120989126,1908
0.012497902014232771,0.5030261555203754,1909
0.021769805260616518,0.471813374510093,1910
0.01838438135375258,0.48192973005123063,1911
0.030429920558837923,0.5168369312763103,1912
0.0032960641888941586,0.45747513049210153,1913
0.02037368540220705,0.5003743010190812,1914
0.04619624323737673,0.4644963789260731,1915
0.01584873618966489,0.5052776499919794,1916
0.047542475764683005,0.4828465770220512,1917
0.0221518358781334,0.4877642329811966,1918
0.021331556522569288,0.5011725101876594,1919
0.016930579871370973,0.4766922660507525,1920
0.02562479676224155,0.47025481344219877,1921
0.018389524196687025,0.4950222332574142,1922
0.0020540791285534156,0.4891906539528171,1923
0.029870729245307457,0.48719556592212787,1924
0.009121328472751638,0.49893919032318523,1925
-0.011399012841331983,0.47131321539465876,1926
0.03300728404066572,0.48909344924171977,1927
0.012649106343152649,0.5021256356942335,1928
0.04853812244942792,0.48144923294155817,1929
0.024835551432263698,0.4997632763815604,1930
0.038035982539735655,0.4983261050964132,1931
0.03441810232862404,0.5167287222332374,1932
0.02182952243129979,0.4699594606281595,1933
0.008741855177976397,0.4956578347435455,1934
-0.008717779106891577,0.49069664348066344,1935
0.04593694233466181,0.46410832460584844,1936
0.028685160246707735,0.47368997380781647,1937
0.028415024543508784,0.4785682739283782,1938
0.0357441069621617,0.47913999588719547,1939
0.012867582469432896,0.4877634670748199,1940
0.022205301263212723,0.5023667165822566,1941
0.0056231614942061844,0.48642360233025755,1942
0.032195019732172765,0.4975616590572553,1943
0.007356269857404742,0.5007073892339033,1944
-0.002234661754153733,0.514638697572912,1945
0.03232415375929575,0.5037965537347289,1946
0.015501257224242355,0.47747130866146287,1947
0.01095271292955416,0.4737312953954904,1948
0.027917610885795082,0.47230719394895904,1949
0.0066789511218085604,0.48324924758561844,1950
0.02260072601809228,0.48004325743329757,1951
0.019042087220932737,0.48128878593482144,1952
0.009117836964241004,0.4922990482453831,1953
0.017877412522195546,0.45963839018205926,1954
0.03155727495001283,0.47576151887352264,1955
0.003502932676094468,0.4794552103836472,1956
0.018532255620493383,0.48305593634631794,1957
0.01802663327613035,0.48350520687510185,1958
-0.002158131081118623,0.4872868092233392,1959
-0.02537927122186007,0.48381987055078535,1960
0.019697808426843946,0.4946626855431962,1961
0.017143585395776324,0.5016980899000874,1962
0.02125766683493231,0.48713965601557085,1963
0.035861765298853515,0.4815919376647324,1964
5.872250522714559e-4,0.4621310567833796,1965
0.004708212002312319,0.4850506810367148,1966
0.015037418681495609,0.48082618521733267,1967
0.003963667056165417,0.485966602063966,1968
0.028672909000731488,0.4991494689857773,1969
0.012551636245749622,0.48240321766286803,1970
0.004568146769838022,0.477860063574105,1971
0.018696526752154108,0.46997173178732476,1972
0.02616952291264864,0.4759580842035975,1973
0.02663225097610515,0.5006284510734176,1974
0.03572932947440082,0.48574603500206603,1975
0.008658250401893894,0.48709490153749296,1976
0.012955140918304367,0.4708270453419936,1977
0.005195454699729335,0.45242806978001077,1978
0.005137497201669735,0.4899270606069243,1979
0.0165724961491455,0.49588417068097757,1980
0.023856992098037884,0.45387202987861003,1981
0.007404658347583265,0.49736770244820866,1982
0.005583091145163725,0.49314500545788964,1983
0.036805161572604626,0.4753129847761903,1984
0.01528159807261433,0.4795006409594066,1985
0.03575714431529645,0.5040790669589345,1986
0.011693478170223265,0.49405588850901017,1987
0.024567317093348858,0.4910281039931506,1988
0.013413815495338391,0.5055112547944879,1989
0.016632787098238577,0.47680179250052696,1990
0.02108377036368522,0.46601799164622826,1991
-0.004304489819680046,0.4785939745947035,1992
0.03183597099593935,0.47867410542154537,1993
0.02022739259827431,0.5243312264848241,1994
0.028957038828895186,0.48441323493781624,1995
0.015278629919834759,0.5025815768584463,1996
0.02481729102086826,0.47575095660152417,1997
0.025095915963372347,0.5003916357446834,1998
0.02109135849835711,0.5009601902103221,1999
0.01596614761225972,0.48836588971623474,2000
