alpha,player
0.43737921863346624,1
0.2563161897518024,2
0.4137668143168218,3
0.3588950023358048,4
-0.45182533700448646,5
-0.2656951766848054,6
-0.10093781025776037,7
-0.45454979999013884,8
-0.5139915410134773,9
-0.3116867995661959,10
0.01676751263188136,11
0.2297827196335703,12
0.26874983200641733,13
-0.12392450270884739,14
0.3095843298498059,15
-0.7020172309298782,16
-0.20080327371896717,17
0.13368548848734815,18
0.09495306138897407,19
-0.2515776896241409,20
0.20479914724583384,21
0.13023155103889553,22
0.051355234596781416,23
-0.14089802794681172,24
-0.190845113853849,25
0.3846812289363088,26
-0.080163205866261,27
-0.44149760613256817,28
-0.14875017599774656,29
-0.9499639813562655,30
0.47896465290124207,31
0.5180066924388499,32
0.1716789304494195,33
-0.03809612788630747,34
0.16786406957082992,35
0.1066003550685238,36
0.8866815114043496,37
-0.49719853248216545,38
-0.8134963153127039,39
-0.2591696898686387,40
0.10138076281812891,41
0.8376608908867009,42
0.2940335180579746,43
-0.549832713245244,44
-0.5274441842286853,45
0.03936395807293424,46
-0.045115874692635914,47
-0.5102816694539795,48
0.39393324120260753,49
-0.9037729737987394,50
0.15283358318643683,51
-0.45885932618754177,52
0.38155952667994864,53
0.24216535537820089,54
0.04345445304878832,55
0.06893334084652433,56
0.14653451010874938,57
0.3820523359587655,58
-0.8148183646915131,59
0.8826559628086995,60
0.41562175727766165,61
-0.6900665164036928,62
0.7709783078127186,63
-0.9255588991441032,64
0.004985593677997677,65
0.7966310281037029,66
0.43926438607530965,67
0.2817549302928427,68
-0.2248248333014418,69
-0.3187247938172018,70
0.03445933566410806,71
0.0830298826368293,72
0.8676635450207218,73
0.014408147044470718,74
-0.19319271848388103,75
1.214798836932539,76
0.6089496690379538,77
-0.16486405599299236,78
-0.014654447903699635,79
1.050370073693054,80
0.10231849662746766,81
-0.3859986973319658,82
0.6695292083177883,83
-0.1562547420763271,84
-0.6166662813837396,85
-0.44722649251747565,86
0.12309384351468002,87
-0.09442627387120946,88
-1.118473915415886,89
0.2916124852143725,90
0.1696557196069477,91
-0.5012206471235958,92
0.0604283058118513,93
0.4387840465338302,94
-0.12542093428736573,95
0.20242457321319907,96
0.19742845995620764,97
-0.43092937891779454,98
-0.6269047469066908,99
-0.20494738232975312,100
-0.9835305123986201,101
0.536028026981546,102
-0.281319102037104,103
0.22731480923905978,104
0.5516953967781267,105
-1.3067444680817593,106
-0.7685308962160211,107
0.9608069810442911,108
-0.03735027985463568,109
0.4900820585683995,110
0.3335887010176653,111
0.4806557919219342,112
-0.25562734324711256,113
0.11316505516966631,114
-0.5366783706349859,115
-0.09946593551910593,116
-0.27667060832231954,117
0.25180417489466494,118
0.4209298239361204,119
-0.24308635060941042,120
0.12536981983002612,121
0.8677099762996174,122
0.1983255884604092,123
-0.08951806454516868,124
-0.22331939754246496,125
0.3625591768364627,126
-0.5456687379337548,127
0.03555360394991724,128
0.4544398004800078,129
-0.30144731091899046,130
-0.09407224977148573,131
-0.7374660976365299,132
0.02059113077480341,133
-0.029844869043474068,134
0.4588482656252377,135
0.07515922014224094,136
0.03690558061793324,137
-0.39374452874247273,138
-0.33787161701045726,139
-0.12850436186062267,140
-0.0024759754979948594,141
-0.29445213028929296,142
-0.04714046967144995,143
0.8193049210654756,144
-1.2081348875759297,145
-0.4909480993472647,146
-0.3726764981811365,147
0.6147321709717964,148
-0.32422901047862374,149
0.40039957357827766,150
-0.09355825275728503,151
0.7604441339382191,152
0.6373920132426572,153
0.6145125742536522,154
0.294081089331375,155
0.5406292676121777,156
0.07702395769035222,157
0.19754434047639127,158
0.22757518372032404,159
0.26595547548009957,160
0.38289194723012526,161
1.0874939278516638,162
-0.1864714165834739,163
0.2926300284126635,164
-0.22663171071155316,165
-0.4003489961563113,166
0.023918918932167053,167
-0.3991819516612636,168
0.9479578971319168,169
-0.22173621762308704,170
0.3058020310642456,171
-0.016961201513743227,172
-0.9810965372864501,173
0.770332400914006,174
-0.7683539214752327,175
0.3155248360061975,176
0.4086058687679699,177
-0.4374850373540802,178
0.3656865625754702,179
0.22058311511391734,180
0.22357935448502966,181
-0.307328692628965,182
0.09218519111379479,183
-0.08258184557629948,184
-0.06111775199635603,185
0.2656127578783096,186
-0.18988945556918393,187
0.023526917795308203,188
0.7386520539621759,189
0.2309801937744276,190
-0.05578781257597454,191
0.7255316247500901,192
-0.4455100726978644,193
-0.24645050968928878,194
0.011629469981613193,195
-0.4054084034747686,196
0.06138267384896729,197
-0.023066910874486223,198
0.10719710240381515,199
-0.5279280503856114,200
-0.37334828615878457,201
-0.944391206511902,202
-0.32600197595607816,203
-0.8157498437989369,204
0.22023756951055212,205
-0.1822763763005411,206
0.36964330444318927,207
-0.9218506344231169,208
0.06670584953382447,209
0.16620094658107834,210
-0.08396420632477591,211
-0.5476386625847676,212
0.31964990379460045,213
-0.7512309423946633,214
-0.14584857473919785,215
-0.3234828940075299,216
0.09330956199174853,217
-0.17244415499235718,218
0.18247112906670163,219
0.36386320846961656,220
0.27565864757384806,221
-0.07012860348920487,222
0.09937089261435672,223
0.08321535749592424,224
-0.4830433195722829,225
-0.35410451159007145,226
0.06965369199424364,227
-0.3037569485827014,228
0.07658327594650224,229
-0.14456071593277267,230
-0.4684275036915902,231
0.149085829897966,232
0.5923631275951163,233
0.53971259103039,234
-0.6325177288021965,235
-0.22451605745142927,236
0.6338813810280483,237
0.7269836198115645,238
-0.5215593145391191,239
0.3272896037886549,240
-1.0316156838373634,241
-0.5676667002064136,242
-0.023442268920530345,243
-0.03901981508454063,244
0.7563595438456838,245
-0.027260425424223446,246
0.09318494590461053,247
-0.6815841654739108,248
-0.41495842306163133,249
0.21989095115048035,250
-0.22603666698977465,251
0.3832797959076622,252
0.7382910323818043,253
-0.5134890243385529,254
3.562574651904855e-4,255
0.010270558448405812,256
-0.37204894095833946,257
-0.5715122813013329,258
-0.020616124298028456,259
-0.755460748657523,260
0.20760912500440604,261
0.13194653227947195,262
0.5095464758770908,263
-0.31233689924625846,264
-0.048803834738340005,265
0.5488064736196718,266
-0.18685646411258947,267
0.391603310026048,268
-1.1338495897891614,269
-0.04844542099319249,270
-0.059795478429732915,271
0.6652806356775385,272
-0.31713714147086486,273
0.6584828170074005,274
-0.011748851237891265,275
-0.44921905830088726,276
-0.5374310968180601,277
-0.30227230051786447,278
-0.013047739702382774,279
-0.3002325573321049,280
-1.3848244558532332,281
-0.42629604126258336,282
0.20484817604085276,283
1.2730881045751792,284
-0.29219349483667234,285
0.2899157205653229,286
0.13302703308918792,287
-0.77145286854526,288
0.7586911536103265,289
-0.375744272680246,290
0.8757329527315121,291
0.2667048442684968,292
0.018122169206912227,293
-0.5145968073991549,294
0.48488686022202093,295
0.23059807038492866,296
-0.10518163358906477,297
-1.0798093532125332,298
0.24014886459390963,299
0.3221310077401656,300
0.22165887034702889,301
-0.7858443556053788,302
0.12463645661290158,303
-0.7223492361937263,304
0.021670185407619818,305
-0.4660488059869371,306
0.2712205341748902,307
-0.5375452026576937,308
0.06078484627994365,309
0.06282508402292585,310
0.5616155835473342,311
0.4920429688725963,312
0.041797307695342026,313
-0.018078575552664813,314
-0.09873130619308514,315
0.3316285376423101,316
-0.715397567643017,317
-0.08006051957491409,318
0.9226057087393897,319
-0.2711411571055445,320
-0.3249121118220896,321
-0.01254247187630261,322
0.2279589574504233,323
-0.3737206120795173,324
0.4266805538691375,325
0.11044126506202186,326
-0.3711881148383173,327
-0.7282879448068086,328
0.570508660234596,329
-0.12349304762256427,330
0.08839489640257377,331
-0.3663101764034511,332
0.16443254272763697,333
0.3018648169860496,334
-0.4069055776439684,335
-0.4561942195077804,336
0.1099072933592573,337
-0.12039406755321012,338
0.7279602497149207,339
1.1506112165242404,340
0.2489279825955879,341
-0.2539118315727055,342
-0.5231696034071803,343
0.5643757789968621,344
-0.6768276057181853,345
-0.932759152662991,346
-0.14146043784822035,347
-0.5505434779980252,348
0.7994351779993191,349
0.10344567158807545,350
0.45502128787237767,351
-0.6299648447839985,352
0.10151781144729653,353
0.2520275454486882,354
-0.5938182702336986,355
0.21619163649429612,356
-0.3336059193954413,357
-0.4501361943455881,358
0.08420966751056323,359
0.021375081895713167,360
0.16384703120719576,361
-0.2502552986268558,362
-0.7678547427992489,363
-0.11676870618829575,364
0.2276557437065525,365
0.4706783244503489,366
-0.20132720384993608,367
0.5219381641386198,368
0.07458205846275498,369
-0.03090709717238523,370
0.5172618050732237,371
0.06667834527295724,372
0.33938644935157847,373
-0.11902404958388758,374
-0.19879723471653155,375
-0.2348703547205033,376
-0.0070229153464976945,377
0.18126644548255388,378
0.5785355621531825,379
0.22052570346674102,380
-0.14976497534781655,381
1.0437604200982447,382
0.4479843100785322,383
-0.6929683760610413,384
-0.14958858037984404,385
-0.0905027403816687,386
0.4457788971130115,387
0.8289022306755638,388
-0.8259759565904725,389
0.08657996038355925,390
0.03438842152775478,391
0.35372728170982454,392
-0.7798579788966602,393
0.6237011901920922,394
-0.12073710787631023,395
-0.011269681286146853,396
0.572378794485326,397
-0.5103176458733913,398
0.4791905876635342,399
-0.10950032198838805,400
0.3144375465649314,401
-0.039274655214808975,402
0.9903528855252818,403
0.6688858140990798,404
0.8280045232128959,405
0.48552297294635577,406
-0.2527357561243086,407
0.06470966614158255,408
-0.08106416029879222,409
0.02183673322905993,410
0.06899402819920043,411
-0.8948446296401593,412
0.0040514798484527804,413
0.0946908350908743,414
1.1213205737127376,415
0.38982562296819645,416
0.1263721995910746,417
0.16739215570575033,418
-0.3269203513331874,419
-0.08717990883766003,420
1.048004504961397,421
0.7478577716896267,422
-0.20002212770273867,423
0.338998471420286,424
-0.1701889610254816,425
-0.32085246013186053,426
-0.47782800058956937,427
-0.15802768856065863,428
-0.05091137735541726,429
0.3928856261214052,430
-0.3592190430037541,431
0.3436369064419443,432
-0.25661868238520424,433
0.5740063111628134,434
-0.33937906884161145,435
-0.07917731571627841,436
0.08062858177931023,437
1.097800343838103,438
-0.09741773399636171,439
0.6812012994354446,440
0.14221200154700503,441
-0.5493377430842896,442
0.9316979074080649,443
0.09747583452631285,444
0.06455776980986747,445
-0.8661871956401261,446
0.14746754735731535,447
0.26645336654724366,448
-0.6356607468364476,449
-0.5330365044037665,450
-0.10973982684348338,451
-0.35527725115757675,452
0.8048480164368105,453
-0.3513439281455324,454
0.09755793784651182,455
-0.47819758966272113,456
0.13477198068968788,457
-0.05317354882438135,458
-0.6446594787453834,459
-0.5630765503603247,460
0.3558638930477664,461
-0.4138407668999562,462
0.21390159065526515,463
0.05107991947227936,464
0.11375633580916121,465
-0.2098596939664006,466
0.03678010940657889,467
-0.06141884049183952,468
0.5984243591126326,469
0.03868976210098363,470
-1.0395785135207174,471
-0.7413294426869865,472
-0.8061129815274917,473
-0.32218541896897723,474
0.006592552965128498,475
0.6761339219246604,476
-0.008980408989037321,477
-0.2972012716571599,478
0.39855207600775644,479
0.21637439510937095,480
0.4760198055253988,481
-0.031616104271276216,482
1.070730057418638,483
6.023538381637997e-4,484
-0.3383871491753361,485
0.3549814949592283,486
-0.6873455112989819,487
0.09803858523528444,488
-0.11508385659669869,489
-0.6074289414200017,490
-0.14747193822857493,491
-0.04271647940323291,492
0.3737996853881751,493
-0.00841490593824834,494
-0.7961204677609842,495
-0.71637711169774,496
-0.052250054358678036,497
-0.36224476390704374,498
0.8831512993119393,499
0.03494942248413971,500
0.45709574914520296,501
0.25011488209629407,502
0.15292717189801114,503
0.9256776342105609,504
1.377791061201962,505
0.07527799323884696,506
0.0385625354050319,507
-0.33592127283097634,508
-0.47114814851211695,509
-0.5318755796826345,510
-0.7504394468770531,511
0.8168302346083746,512
-0.6264240785509442,513
1.4569417485635328,514
-0.6594300041449687,515
-0.47012792853388113,516
-0.3617364280253013,517
0.14819987296576353,518
-0.1029978721759797,519
1.182442064884811,520
0.0035659309727518176,521
-0.1877564188623746,522
-0.4664852161550095,523
0.04489707648473795,524
-0.14803722860722096,525
0.1673178842289381,526
0.7130669407027537,527
-0.49164158550817505,528
0.07404567753047427,529
-0.09928905415741458,530
-0.3792215230613172,531
-0.3511342120054221,532
-0.10859462000389403,533
0.16767315563023472,534
-0.3976242907798389,535
1.0514290281820171,536
0.12059895739531383,537
-0.5463041274093814,538
-0.42220045231615044,539
-0.2658749353923155,540
1.6403389207080075,541
0.03947885416596096,542
0.0062023841586046685,543
0.16370539493311975,544
0.4319133543528693,545
-1.258712708174824,546
-0.23551374961615107,547
0.15789146602001924,548
-0.1105415162636674,549
-0.016045830971004434,550
-0.12286245133912668,551
0.33369750284689415,552
-0.440554896958764,553
-1.1950404367603031,554
-0.04303018790246855,555
0.1801886765477805,556
0.17774315011641414,557
-0.21762581094486427,558
0.14580575044603647,559
0.1387196711983349,560
-0.5952950466209384,561
0.09180792217719218,562
0.587873678381901,563
-0.4124094310901033,564
-0.002514056903860257,565
0.3860938893786078,566
0.35451426383890416,567
0.17182482403336158,568
-0.21413574624782272,569
1.0455037006042167,570
-0.2399336915328598,571
-0.4026235795179588,572
-0.0039169538331155504,573
0.5271090086110825,574
0.12037724571202923,575
0.9925537818394374,576
0.6120220180301816,577
-0.4727970647312322,578
-0.4865190495464458,579
-0.4326631564875676,580
0.5246725315006167,581
0.1096060557646163,582
0.5110302883298412,583
0.35747159805932643,584
0.38593611666201627,585
-1.3320021081710227,586
-0.4494054159026385,587
0.02552505236351465,588
-0.19534034488612687,589
-0.1691183746133997,590
0.0025834722868065246,591
-0.15329054924560465,592
0.0530228883926057,593
0.7739372052804897,594
-0.5663478991000422,595
0.26246350368070337,596
-0.35616668391649753,597
0.76867066675636,598
0.24371165757712177,599
0.056109470494136574,600
-0.18940009798968396,601
-0.017887730157482035,602
0.7342525520520964,603
-0.15490540296615407,604
-0.038471782211739976,605
0.07596246214121806,606
0.4790201015305304,607
0.009873322162388495,608
-0.3132546625384831,609
-0.5060205922819948,610
0.4456795641924305,611
-0.2695155447363837,612
0.8338553781566928,613
0.9913212285672194,614
0.003940483997836656,615
-0.11171504688359046,616
-0.17933616697924862,617
0.4990496263870125,618
0.08135562534780164,619
0.5145291927621339,620
0.22175059970260694,621
-0.33944341169970904,622
-0.3475131641956764,623
0.5329760202282783,624
-0.3971590268575318,625
-0.5775906853653808,626
-0.02927767285495924,627
-0.214589570577557,628
0.30006612311874703,629
0.20305646885700526,630
-0.09105994523092115,631
-0.8038205357974622,632
0.59458009382068,633
-0.09124653365102971,634
-0.007372329192560199,635
-0.532787516170984,636
0.2698418398840688,637
0.8898120021209028,638
0.16626698787602295,639
0.4077606498944258,640
0.23508677220807989,641
-0.16287989132414063,642
0.3529844695177389,643
-0.5755345460338541,644
-0.4053422973663576,645
0.19642336565087923,646
-0.5042889480881421,647
-0.6964893146062608,648
0.004856833276106234,649
-0.047388805431431494,650
-0.23279886638345093,651
-0.3489852219566957,652
-0.3314734491633388,653
-0.4809220794868968,654
0.6311441732662247,655
0.10192929585450541,656
0.4570791371708294,657
0.7849841707751293,658
0.22360694242907023,659
0.5474811674392139,660
0.9085666703578457,661
-0.3983478937483168,662
-0.5025404831260897,663
0.2550351324564192,664
0.7166824359858117,665
-0.025034272360999605,666
-0.2574709287495112,667
-0.3867764203715272,668
0.47925560313794646,669
-0.2626681725727507,670
-0.051584348035779076,671
0.3965548186457776,672
0.20210676577172956,673
-0.5687876419345786,674
-0.6116671143062423,675
0.4862171256680243,676
-0.0644764926015633,677
0.8530291362999222,678
-0.012484889988871236,679
-0.38380160763072824,680
-0.6563594106964967,681
-0.7101030411525475,682
-0.7017634543212073,683
-0.10994878878185772,684
-0.3398598257570134,685
-0.03823710416235544,686
0.24466942708148254,687
-0.9704396158120016,688
0.6734933732131438,689
-0.10154259806571513,690
-0.11495661427543612,691
0.2605457218655996,692
0.31702759309894907,693
-0.7860494148372905,694
0.0035456031617551852,695
0.07581278259084685,696
0.35920774428189256,697
0.5334053510169166,698
-0.4144906969520932,699
0.14367048914596073,700
0.41464160205891115,701
0.014154138069924098,702
-0.36650381790688163,703
-0.008511639866299922,704
0.1103798777897403,705
-0.7240460908982741,706
0.2686814807700022,707
0.05642217517353241,708
0.32785426956357683,709
0.3413715338567944,710
0.47093602871941287,711
-0.029457818163570376,712
0.6919787423384841,713
0.15293825825805188,714
-0.0991435674865118,715
0.3263132375927439,716
-0.23862285329951027,717
-1.0550641694523577,718
0.8884312898192218,719
0.7720965185180529,720
0.33726625115194153,721
-0.1059975433989643,722
0.6431779076132693,723
0.6144571078050729,724
0.11398325974745263,725
0.35501809818653907,726
0.12394339132698369,727
0.22869012249709916,728
-0.6972879801451667,729
0.27578818874864364,730
-0.5038327969906952,731
0.42357481533238256,732
-0.40154201748517016,733
-0.21242087201490167,734
0.09701838890611011,735
0.3418481485603946,736
0.11816862045242425,737
0.17162427692452484,738
0.7872218856132236,739
-1.119266085658659,740
-0.9758846475378278,741
-0.5465995172611237,742
-0.11475732035931593,743
-0.8438218719651553,744
0.3699136986218416,745
-0.2173398505473596,746
0.45818062934805875,747
0.1442475530793982,748
-0.8271458156903474,749
-0.35750123219030494,750
0.07073377567419063,751
1.20066728680178,752
-0.1050589782006616,753
0.43869563977583226,754
-0.3352457518265405,755
0.48437374248893783,756
-0.14419896884623337,757
-0.10304126189115685,758
0.4817808301834685,759
-0.3038948675373897,760
-0.08495408078266502,761
0.4500038384924139,762
-0.2801809561929125,763
-0.18408813600802673,764
-0.24084241055958705,765
-0.2138194520411305,766
-0.4536739676617614,767
0.25983897286699387,768
-0.296662252935495,769
0.034183268151868534,770
-0.31749780117345133,771
-0.49848587291954977,772
0.29607902789961993,773
0.2790931202215616,774
0.13021740726732306,775
0.8231525696433235,776
-0.3376668313183646,777
0.22467164242976173,778
-0.0058921381882022835,779
0.12486589330667464,780
1.0034168308639855,781
-1.050731668166592,782
1.054628011789074,783
0.027736444299193554,784
-0.6869889229139401,785
0.5734973621166822,786
0.2645176089863534,787
-0.5444541411712522,788
0.04241527032329059,789
-0.32235490274584816,790
-0.6470299182775658,791
-0.11223156420318972,792
-0.8434893825742192,793
-0.2471088020872222,794
0.3829518377196854,795
-0.6035977276704227,796
-0.43316869130132135,797
-0.3955770936849415,798
-0.4980322850922005,799
-0.514167217869149,800
0.27258597658151235,801
-0.20371867499481075,802
0.5675198608572248,803
0.6260751899601319,804
0.21951876825066619,805
0.6263800841503415,806
0.09524009010732223,807
-0.4355102861412435,808
-0.23856858003927664,809
-0.2674991863050814,810
0.19317703024869687,811
-0.8089122425819149,812
0.353567297396338,813
0.9047121710999713,814
-0.20635258941403123,815
-0.7557564251526678,816
-0.99692418286580875,817
-0.7735964425151016,818
1.1355499587076512,819
0.17208584954938894,820
0.18445190221042349,821
0.34177531543693956,822
-0.7736638793400216,823
-0.3614085557480659,824
0.12819408691935655,825
-0.4363824747655683,826
0.3855042673751459,827
-0.961975068838199,828
-0.13348743858903858,829
-0.09742987121383448,830
0.9437752947338731,831
0.5164749470228838,832
-0.15702463575528489,833
0.4273594700332511,834
0.3306774942162386,835
-0.5341732564896096,836
-0.48958149044889615,837
0.18780502022973425,838
0.7536757783302572,839
0.061700285054050064,840
0.06707341680825353,841
0.20449734583974888,842
-0.5203103412036488,843
-0.47662958341953915,844
0.24101256658445433,845
0.29654829912852976,846
0.6591167866496721,847
0.004193444371034886,848
0.1085699973030548,849
0.1130344062008875,850
-0.634191772051507,851
-0.5055541166690632,852
-0.7631719521955498,853
-0.09622470822279691,854
0.7886504224415737,855
-0.25719600130809406,856
-0.3963330835766799,857
0.059744375144040227,858
0.6597397744137621,859
0.15539023845699743,860
0.12312387945709673,861
0.518838888669864,862
-0.10021772545878539,863
0.749290077901006,864
-0.5433041933474335,865
0.304768772404204,866
-0.447322473499923,867
-0.0427038524456636,868
0.08944370321806615,869
-0.35786308141077733,870
-0.047699800760759394,871
-0.308261484539779,872
-0.0030935037220724275,873
0.08373352275801468,874
0.5153327975264719,875
-0.37923032615171687,876
-0.621819883100033,877
0.45979453615488036,878
-0.011921999517540458,879
-0.2726109035551437,880
0.08505775845446908,881
-0.5133056523453404,882
-0.7920852382449515,883
-0.7003885081734746,884
0.002392493985987644,885
-0.43719147328712327,886
0.03801024198093724,887
0.4672444714407946,888
0.23641120922707975,889
-0.6807202199483218,890
-0.5340934710798863,891
0.4299411924099568,892
0.31888373535264314,893
0.3032631655661846,894
0.15495027560759114,895
0.20955588963456892,896
0.10778372063572333,897
-0.3965083684181758,898
0.7946057532449927,899
-0.4168748092449008,900
0.17645099606964962,901
-0.5966607645453065,902
0.5873028836185828,903
-0.2146366151181626,904
0.05576150651434642,905
0.4153588171731815,906
-0.21375156403967627,907
0.5863907864125872,908
-0.2671416447716013,909
0.08810736215855602,910
-0.1507632259012213,911
-0.21715938184631062,912
0.1409150357073435,913
0.08146334312215393,914
-0.7735450121568492,915
-0.016647040462798253,916
0.9292531520656175,917
-0.10447853228322741,918
0.05340631075579894,919
-0.2529965319221353,920
-0.5939557148571477,921
0.6734477557189513,922
-0.6765699699971296,923
-0.5115181615129171,924
-0.325834459477983,925
-0.4536105343380713,926
-0.8814189216650402,927
-0.012683469115652473,928
-0.3573328056246041,929
0.6053078534842463,930
0.29520377685027144,931
-0.3882891384203046,932
0.36867083553844726,933
-0.015088368700886461,934
-0.9574138024519276,935
0.10438645078749076,936
0.2118579394542621,937
-0.2245926194154269,938
-0.05582811603964903,939
0.5642020998373807,940
1.0259954957768054,941
0.265539738649944,942
0.6165316356582955,943
-0.1787754197245901,944
0.06003694656465068,945
0.3904635877041434,946
-0.53408936730614065,947
-0.07487497057869431,948
-0.6377020830298091,949
0.03337651334045361,950
0.4323461143697658,951
0.3535088640856458,952
0.2733810764278668,953
0.30220762264192463,954
0.3913286524803394,955
-0.1467230640443161,956
1.086977436445993,957
0.4910729654579526,958
-0.7611639179606581,959
-0.2883362194307136,960
0.4119190850959876,961
-0.2236078176593823,962
-0.7327351272917181,963
0.36519839022408973,964
0.37531691236931064,965
-0.3714686800829649,966
-0.49267580454777204,967
0.5462384057271216,968
-0.30292526302065437,969
0.6923996988611325,970
0.863698059240292,971
0.12716413460706522,972
1.3149982607961297,973
0.20605477210622325,974
-0.8154330144060241,975
-0.6402680680958736,976
-0.0490988712063294,977
-0.0510302880275317,978
-0.20354221667612069,979
0.10050735304388478,980
-0.38810876500745134,981
0.07458208274226431,982
0.09186643878431734,983
0.40731660187208263,984
0.14960807345435637,985
0.02425905589348673,986
0.45547785956024184,987
-0.015836630438415992,988
1.025853445977476,989
0.5857559499294017,990
-0.27247221737239213,991
0.07871292163455187,992
0.23182439622196901,993
0.1017876625990821,994
-0.6201943441038378,995
0.19253645009211187,996
0.2536887032546435,997
-0.5158838413871546,998
-0.5854882295042905,999
-0.03662406856262668,1000
-0.28506095944677984,1001
0.3666018987407285,1002
0.04020809790883082,1003
-0.3860179276067101,1004
0.4324461690799313,1005
-0.034174424648620895,1006
-0.14750636315375792,1007
-0.32852678917896677,1008
0.3431190945985811,1009
0.18525371335018806,1010
-0.19442879718480852,1011
0.20265623849333622,1012
-0.34047112156921144,1013
0.5932775488351865,1014
-1.4185641278872387,1015
-0.24259804539004057,1016
-0.5691766779766344,1017
-0.8192887033316453,1018
-0.35370819689156285,1019
0.6982037027585122,1020
-0.40041111918256406,1021
-0.05228521572248287,1022
-1.1419733641513214,1023
0.12609330532610943,1024
0.5219530756897253,1025
0.651324924337816,1026
-0.0461865997432354,1027
0.2464001136436721,1028
0.30687410158389977,1029
0.2027616553050004,1030
-0.7942996635362458,1031
0.4085142445671323,1032
-0.9813873272989485,1033
-0.31259328638923983,1034
1.2386395441185685,1035
0.9449066816290556,1036
-0.28745881144571717,1037
-0.4463829355658264,1038
-0.511494341703197,1039
0.3616760273422724,1040
0.14839899516167007,1041
-0.12733917729489375,1042
-0.26675707095982043,1043
-0.16101748103102573,1044
0.027989003140524348,1045
0.49074539782435456,1046
0.2391745460261233,1047
-0.6175387951452426,1048
0.47681542801594046,1049
0.9947600430698257,1050
0.24060472793653795,1051
0.150812574981355,1052
-0.015048121797412536,1053
0.2773565410977088,1054
-0.27848436531636894,1055
-0.17955932130853816,1056
-0.42117899587116137,1057
0.6351841341166221,1058
-0.460146991654928,1059
0.8887058975125396,1060
0.14106561202414344,1061
-0.3639065794981675,1062
-0.07089750589212435,1063
0.5368693557429277,1064
0.9678635284464839,1065
-0.7206330453003658,1066
-0.3082598737595214,1067
0.05732727558896188,1068
0.17016311463417258,1069
-0.4660431288356586,1070
0.29702610285183584,1071
-0.45787419903570314,1072
1.0915243789648386,1073
0.5608148126756324,1074
-0.2427542007343184,1075
-0.19303294648799763,1076
-0.2651459345736949,1077
0.9711657758159857,1078
-0.7791865185321667,1079
-0.45453153324945955,1080
-0.5241172168928996,1081
0.1356693950518969,1082
0.07254202602077203,1083
-0.32318249838304414,1084
-0.19812153693143453,1085
-0.0816473059842802,1086
-0.21959063170870036,1087
-0.06836889496804585,1088
0.0317164623180591,1089
-0.5402174375897073,1090
0.578715917986312,1091
-0.5598167664487682,1092
0.17771907389911326,1093
0.1495962200045498,1094
-0.4318122792853893,1095
0.16644684909513796,1096
-0.14387294395979203,1097
-0.31447773102728094,1098
-0.14102326468504595,1099
0.9469465262437443,1100
-0.09360964190580637,1101
0.5370029613562448,1102
0.5207488767136512,1103
0.12610935893970535,1104
-0.4484749929942157,1105
-0.6790850159631862,1106
0.3616695427954024,1107
0.3690601779620844,1108
-1.1442328155909216,1109
0.1527281372101093,1110
0.02903918907079072,1111
0.32729105395606556,1112
0.19794948547776695,1113
0.22002087776427312,1114
0.1337405736786274,1115
-0.722697704662282,1116
0.8365933849972279,1117
0.15281947437057675,1118
-0.6489539716403653,1119
0.20094764661970602,1120
0.1421730096857382,1121
0.2783560219875885,1122
0.4341897623793151,1123
0.9825562438736548,1124
0.44975856279279497,1125
-0.31370050836833724,1126
-0.07511541112163446,1127
-0.18657781704106788,1128
0.8916597741581126,1129
-0.5921546025515656,1130
0.301438401540165,1131
-0.5781576983420909,1132
0.5736171602427188,1133
0.3545054782188509,1134
-1.1781210033722611,1135
0.6183848937255996,1136
-0.6187248425370112,1137
-0.130594000262865,1138
0.04383577953843241,1139
0.8241723800976947,1140
0.6488279197859804,1141
0.21007195601827675,1142
0.05529077351480682,1143
0.13354481467587687,1144
0.2760757941425122,1145
-0.011635114113305842,1146
-0.38577069954817633,1147
0.40012722390093836,1148
0.3265914272042502,1149
-0.6472636367986471,1150
-0.11798838589747984,1151
-0.3221567419234413,1152
0.870307839267933,1153
-0.009026251327642842,1154
-0.4359368947553889,1155
0.20173895281921628,1156
0.15801889212679468,1157
-0.645694567424263,1158
-0.3473934949242138,1159
1.3741069842113902,1160
-0.9723756137646683,1161
-0.9888260705891851,1162
-0.2754739445396753,1163
-0.36331540023444747,1164
-0.41121610711940265,1165
0.25333107339242383,1166
0.6249988824117703,1167
-0.8434290800818955,1168
0.4073312965682533,1169
-0.9674115896799803,1170
0.3760560848339412,1171
-1.1502603032688834,1172
0.1799313528579615,1173
0.31757691001386723,1174
0.8247738330185054,1175
-0.13981584708626915,1176
-0.7544354436179799,1177
0.17825560805624635,1178
0.5839255852205677,1179
0.4421056516706239,1180
0.5489323420089052,1181
0.01412460341968632,1182
-0.6914285025046536,1183
0.2395560464382552,1184
-0.14383651610856102,1185
-0.3592605402654679,1186
0.3747499040857232,1187
-0.11494450417107106,1188
-0.21298651936901916,1189
-0.1379423884639057,1190
-0.43714681857328275,1191
0.5152671470528541,1192
-0.16035989585814797,1193
0.3430404428267635,1194
0.562654133243192,1195
0.878728871946149,1196
-0.20774578814287853,1197
0.8089022057551525,1198
0.10150764059609238,1199
0.02146363068086265,1200
1.4020503647818143,1201
0.5408014053612559,1202
-0.7857681178924566,1203
-0.0036457701001607183,1204
-0.11589246408501208,1205
0.2204951684056472,1206
0.1374177883427368,1207
0.25893174253211526,1208
-0.09407612199012569,1209
0.5591923557690188,1210
-0.4236450899658282,1211
-0.18404906826569709,1212
0.4311216925900925,1213
-0.04801046788225836,1214
0.5351407262401292,1215
0.5090185668869428,1216
0.8849007377947365,1217
0.9392214111809369,1218
0.07271608550685635,1219
-0.004632657050638022,1220
0.25059252351485245,1221
-0.5016232112741928,1222
-0.23204475941017383,1223
0.002052940423324474,1224
-0.18105598867683204,1225
0.2831214488186236,1226
-0.10116220405090298,1227
-0.4040031176646753,1228
-0.7151485688089293,1229
-0.5609701135104488,1230
0.248634156130852,1231
-0.005627543318197772,1232
0.4603629866472298,1233
-0.6957633146488842,1234
-0.65187917555324,1235
-1.0513667242395437,1236
-0.4640412320532146,1237
-0.2990935325593299,1238
-0.026403240203841966,1239
-0.14254090729179988,1240
0.11275480526019058,1241
0.3007160502839521,1242
-0.03036538695897682,1243
0.3037739082533375,1244
0.5658418822392706,1245
0.5422432959926389,1246
-0.7836586485373681,1247
-0.7703451726714527,1248
0.71611075547078,1249
0.2603967714117475,1250
0.6256510050226389,1251
0.2224587970019182,1252
0.7474502206332524,1253
0.8516613016824742,1254
-0.08024403080349762,1255
-0.0953965009522039,1256
0.28890325982112586,1257
-0.8639622186141087,1258
-0.25360024446987384,1259
0.17034621487664806,1260
0.23946529777341483,1261
-0.3182338549427411,1262
-0.8291429789512567,1263
-0.4998915220318234,1264
-0.5375012888139723,1265
0.5388126503128394,1266
-0.11443628150859522,1267
-0.2897947638965554,1268
-0.31088605381007195,1269
0.12069298370846766,1270
-0.3089282237897051,1271
0.46645058965731523,1272
-1.0574039868588068,1273
0.41025671207131464,1274
-1.519872312539729,1275
0.3651664662480064,1276
-0.04016167283964841,1277
-0.06890239377174956,1278
-0.567800497070912,1279
0.2246006488651567,1280
-0.3425410728969407,1281
-0.37291907632316385,1282
0.2804459663139734,1283
0.6412330137623052,1284
-0.21272224188087563,1285
-0.3669938852539876,1286
-0.17760196080236232,1287
0.09547431150595449,1288
-1.043991994290617,1289
0.04237493857116818,1290
-0.2767210550892556,1291
0.22368342535056704,1292
-0.06378930205063563,1293
0.5983043055843021,1294
-0.4533999451402657,1295
0.7589290483050503,1296
-0.12017311166628146,1297
0.24252568100066205,1298
0.38931178551931256,1299
-0.6176211667319473,1300
0.38905323345118015,1301
-1.0489804258459101,1302
-0.6647695149129481,1303
0.567413687618279,1304
0.24886617864157642,1305
-0.9985037849926446,1306
1.291422677171536,1307
0.11183304588515768,1308
-0.879230894962183,1309
-0.5505844905588755,1310
-0.884351470883435,1311
0.10897193408238924,1312
0.3698458703552555,1313
0.24621375671821039,1314
-0.5518165342385752,1315
-0.29226050755157323,1316
0.9420742927863586,1317
0.9075154245109951,1318
-0.2562857094988189,1319
-0.022921721872359475,1320
-0.9763755971053842,1321
-0.09455157656031227,1322
0.5086784641440213,1323
-0.7306218610706547,1324
-0.8625930825104478,1325
0.39068966489471413,1326
-0.1954098154638731,1327
0.5127129679103747,1328
0.16107782013181912,1329
-0.20815346485790193,1330
0.04093771676058078,1331
0.16166464627111699,1332
0.010820146344147524,1333
-0.3625838966972264,1334
-0.5311558928103969,1335
-0.7565881743498335,1336
-1.434910116586736,1337
0.33116394458675363,1338
0.6681592805854893,1339
0.02578531138658871,1340
-0.3051165424350985,1341
0.42758006583586483,1342
-0.12208605300290509,1343
0.23863832646882863,1344
0.40861619307374064,1345
0.7423363513489805,1346
0.025359141257381684,1347
-0.1878255642099921,1348
0.7324252723391138,1349
0.18874269489685452,1350
-0.15606327847261892,1351
0.36937772806814856,1352
-0.05976710047705137,1353
-0.11313275764474667,1354
0.16620768931997124,1355
0.1425775282082026,1356
-0.4775766976095795,1357
0.299290016679479,1358
0.11418927170111969,1359
-0.25422429168821425,1360
0.04806979978541442,1361
0.23329190340421688,1362
-0.35737347447341217,1363
-0.42174092324315215,1364
0.4691411226471901,1365
-0.070022827901938825,1366
0.11380247552059301,1367
0.5454348467356529,1368
0.12141921848102787,1369
-0.1930433711865212,1370
0.7272530757139342,1371
0.6114226342096739,1372
0.15575609258907996,1373
0.009469443785107532,1374
-0.9640394828826452,1375
0.34522740941174723,1376
-0.49366508754432586,1377
-0.5266394099767319,1378
0.20275724248565638,1379
-0.1766290668747599,1380
0.3257503330804664,1381
0.5190571590385715,1382
-0.5704182457183515,1383
-0.6487751549223617,1384
1.0850796329874017,1385
0.08433920320214505,1386
-0.02041371587254158,1387
0.7526098292405766,1388
0.6074720991186571,1389
0.682211810845943,1390
0.08641612201526859,1391
-0.7888293550072352,1392
0.5229791136537949,1393
-0.9948587627483698,1394
-0.7728702844189895,1395
0.39342031068041583,1396
-0.2955559819465979,1397
-0.17302919415360318,1398
-0.6014378262703968,1399
0.9082028371688655,1400
1.0681646942428704,1401
-0.018414568055550425,1402
-0.7256669462913266,1403
0.48500266841040873,1404
0.14879932548222413,1405
-0.34459289180754266,1406
0.5455516944868305,1407
0.12772217568991612,1408
-0.028309532375743997,1409
0.7016680830764201,1410
-0.029920886224183017,1411
-1.0819686997985718,1412
-0.44253110308485744,1413
0.6429195743791056,1414
0.03412894001224413,1415
-0.23675876204557442,1416
0.32122738937402745,1417
-0.320279259705199,1418
-0.708075449923961,1419
0.236065266375422,1420
-1.1026053361556016,1421
0.3293663939768041,1422
-0.5696014123447072,1423
0.2546734662050647,1424
0.9743589509328583,1425
0.22891445421674325,1426
0.3304222808151224,1427
0.40261613014572184,1428
-0.2600572164198125,1429
0.36559217077048894,1430
-0.17382838257984704,1431
-0.6144214452105492,1432
0.0943266827138046,1433
-0.15246166718613338,1434
0.23986342454078619,1435
-0.3252037869579787,1436
0.5506182189708859,1437
-0.2974222833228222,1438
-0.14628373558459473,1439
0.5672706647938517,1440
0.3547428500945169,1441
-0.038377416017751895,1442
0.2919092847652017,1443
0.3400913253128307,1444
-0.74616215030558,1445
-0.8039059211131088,1446
-0.2514157454535831,1447
0.050307328995285325,1448
0.21498862234236188,1449
-0.560832210396875,1450
0.5815694275692214,1451
-0.3353683554383451,1452
0.8777280882750464,1453
-0.2107598135553224,1454
0.10294607023270329,1455
0.3959366122093166,1456
-0.9290559544507312,1457
0.16430393377544258,1458
-0.8750425753515996,1459
-0.1236924741359191,1460
0.6821154014533424,1461
-0.2113599176870768,1462
0.018603198029890553,1463
-0.1867761684394358,1464
0.5900655123859722,1465
-0.5283531329272078,1466
-0.033044675530195154,1467
-0.3262423491768688,1468
-0.40825005707637974,1469
0.26482805705072243,1470
0.3246331235566818,1471
-0.4966585134896007,1472
0.4257178945219973,1473
-0.08942125906916099,1474
0.4149488220077657,1475
-0.039853183674526275,1476
-0.3977694304915239,1477
-0.007168251730000194,1478
0.3129394852155579,1479
-0.26500224930152316,1480
0.39705452506676087,1481
-0.7251975806490331,1482
-0.12498711199712415,1483
0.6567817046372832,1484
0.29559851406575893,1485
0.22261710299240026,1486
0.20105624400576858,1487
0.3109447654531579,1488
-0.4348973916760138,1489
0.808822243176219,1490
0.10373786706624033,1491
0.012382382595273085,1492
-0.4083384772921434,1493
0.25184268138258015,1494
-0.08830884116380656,1495
-0.2428847649856273,1496
-0.2603728598252458,1497
-0.17406251606592477,1498
0.40916480773224473,1499
0.40140471882795054,1500
