y,X1,X2,X3,X4,X5
TRUE,1,0.8755544054238525,1.8298864977309544,1.1381451146528316,1.351368264579466
TRUE,1,-0.6634540091134207,0.614473037755538,-0.2947505626320727,-1.6894331377177811
FALSE,1,-0.4488856024821883,-0.32309685395411486,1.419899122225084,0.39706107989591394
FALSE,1,-0.05225403281190071,0.4965467178278845,-0.8032733297492848,-0.14317848987941384
FALSE,1,0.42689915326063166,0.1982076288905147,-0.060846165280311004,0.13850643166195623
TRUE,1,1.3356373046003656,0.36028498546629883,0.7278299617066402,-0.5623102522742978
TRUE,1,-0.22134606518148434,-0.5587895444275802,-0.9585097990812763,-0.007993766643231207
FALSE,1,-0.567837913768994,0.26339452081554005,0.25545600410633285,0.3375954986711775
FALSE,1,0.32998332692556087,-0.8322318056780422,0.5099081836364381,0.3478899189495969
FALSE,1,-0.2687050699981112,-0.19252042788275622,2.157984881511322,0.7144578300834116
FALSE,1,-0.1950789121091909,0.43216768568139247,1.701417390381163,0.25320982914270646
FALSE,1,0.8698554161022483,-0.045743978892701875,0.9977972505614329,2.3988514446615317
TRUE,1,0.9710137108271648,-1.9533118794616298,-0.032699620913423266,-0.845309192361223
FALSE,1,-1.3465239280197943,0.7118775877864519,1.2994416841578487,-1.1835992804984494
TRUE,1,1.0056199674039963,-0.06642461919798863,-1.196372034602562,-0.08912451949016659
FALSE,1,-0.9502927940275094,-2.607568634327603,-1.21347520110116,0.12915268624907283
TRUE,1,0.5781113150277885,0.044609782744361816,1.0437115709790372,0.8301257252358928
TRUE,1,-0.7841496838000113,0.6216658799770387,-1.8782887850880208,-0.1272005439814636
TRUE,1,0.21957740704484902,-0.872392039324684,0.026050111808418073,0.20674099366280654
FALSE,1,0.20471204108566493,-1.4181357197641307,-0.15196353074340138,1.1982182747626229
TRUE,1,2.02494012783418,-0.45529804208441044,-1.04557896614857,-0.27300266170503373
TRUE,1,0.8124949175137163,-0.5533287318200997,-0.30028266947987603,-0.11949385530881472
FALSE,1,2.316409818944711,0.20633983091643582,0.7841722289426718,2.125752916091825
FALSE,1,0.3582771488557373,-1.2092441878876574,3.0228728754854783,-0.1794717512360468
FALSE,1,-0.4259729360931533,0.5158225395762295,0.7288627156445112,-0.24209763254793315
TRUE,1,-0.8377226220250494,1.3482824583007345,-0.8290008944075827,0.8262003747227429
FALSE,1,-0.30867968639517673,-1.6467054016410496,-0.16327394170160134,-1.201445094191281
TRUE,1,-0.8632993519541075,0.7310754761737461,0.3682444509934431,0.3380706013534372
TRUE,1,0.9160785653834185,0.5986257748141829,0.7279544918673642,-1.1232206448885353
TRUE,1,-1.4308020106187456,0.3477745383230329,-0.518391042590131,-1.2393546066590528
FALSE,1,0.9909586684670167,0.06815669799354153,-0.43970725545411865,-0.30052001755523594
FALSE,1,1.7264320110462903,-0.861479976729931,1.3137728591511395,0.11727197997041901
TRUE,1,-0.21106692976239685,0.7736992927225557,-1.72587309319699,1.8988434170961515
TRUE,1,0.18014250069750684,0.4654702040253042,-0.6531600959726485,-0.8265748509326606
FALSE,1,-1.6187145302580133,0.43354406736029555,-0.5726689547934609,0.21676623788793212
TRUE,1,1.1992534319402552,-0.6767362295868035,-0.49008629601496045,1.9468401543676213
TRUE,1,0.6658436833303549,0.30172553605554026,-0.1512234426630054,-0.19244288278197083
TRUE,1,-0.2926439522702217,1.641198837609338,1.3954418164091071,-0.4145483718519455
TRUE,1,0.9511412438537272,0.5524636653325748,0.883346540884643,1.2992767676724921
FALSE,1,-0.44777222095323965,0.4129961355685031,-0.01621528781270886,0.2981561622699175
TRUE,1,0.2260289757956291,-0.23439257924947535,-2.393007673638466,-0.7970728323044028
FALSE,1,-0.050710871637492126,0.9617648727084347,-0.40440793614748405,0.12362765807511701
TRUE,1,-0.4521655471716944,-0.5578252578711581,-2.0480636062067186,-1.280968403878226
TRUE,1,0.27309695227732844,-0.7747379747513214,0.0054049058123576575,-0.4363318962441446
FALSE,1,-0.9737992439022178,-1.129756586475248,0.14241295697781295,-0.34153443413993817
FALSE,1,-1.5379973145199302,-0.18526182455301798,0.4880855828291059,-0.22004180939217594
FALSE,1,-2.3660507510763016,-1.4977172455741437,1.3573939143712686,-0.8760245830022082
FALSE,1,-0.7452311170046637,1.9824383756261215,0.54171202214175,-1.4027272631922576
FALSE,1,-1.1762660742186253,-0.23034128979932006,-1.1391100994316306,1.7458287646082657
FALSE,1,0.4214225562431143,0.3516997732303764,0.7495624445759216,-0.8003179410504084
FALSE,1,0.31683330346523236,-1.8550587470589441,0.588105357721775,-0.006413984057920701
FALSE,1,0.9925554354745834,-0.5391452554678001,0.08296274756515881,1.2493019971784185
FALSE,1,0.16738124904451565,-0.5884606578615842,1.4824151096740494,-0.5435478623867686
TRUE,1,-0.3494493735524585,-1.6734336899300404,-1.1110431235098948,0.9155092035508215
FALSE,1,-0.6988066553387038,-1.0081052839996787,0.2338152272514943,3.1639231274634265
FALSE,1,0.2031367385590375,-1.716011016815598,-1.3290179256268413,-2.3446954361324357
FALSE,1,-1.1307185692174861,-0.866899016422423,0.3082705270705804,0.024639266152696435
TRUE,1,0.6880566781604597,1.010767470164311,-1.074589496350071,0.32374142179370813
FALSE,1,0.591456822240147,0.16569706276341267,1.4760975107930723,-1.219515192025876
FALSE,1,1.2464764318191421,-0.6508877219836077,0.7830081146219434,-0.29284527927109866
TRUE,1,0.49267801103835474,-0.626973999047441,-1.2222229523689099,-0.07286466492607795
TRUE,1,0.3326701866295239,-0.09169661498886596,0.012426280703299052,1.0396662459230281
FALSE,1,1.2321229160411094,-0.49226216003784,-0.2656707888510635,0.9267105987914811
TRUE,1,0.07654066527413467,-0.3338718495219896,2.1019331136345953,-0.42781950277674347
FALSE,1,-0.5742570354106853,-0.6001992894940086,0.527064178868793,-1.0544113378576825
TRUE,1,-0.42008570464401795,0.6041178044375808,-2.177275871771897,-1.005982850151723
TRUE,1,-0.4715449085664073,-0.5960359183223632,-0.41560056830047654,0.03634286280445479
TRUE,1,-0.38640229203049375,0.7193241185298441,-0.6806476174565836,0.6372398483700122
TRUE,1,0.482174570018534,0.3531095517832889,-1.6357154338853652,-0.04844299461284061
FALSE,1,-1.2070884085646905,-0.33996236692474335,1.0018635001266354,0.11265225101348078
FALSE,1,-0.5901365708428665,-0.32122830459085167,0.06366518880148941,2.024732523310025
TRUE,1,0.5644626580908653,0.4566742435713847,-0.45625850928137074,-1.339653644429094
FALSE,1,-0.3147496726536625,-1.1920989075797954,-0.04248843369330943,0.9207877360556536
FALSE,1,0.28961147889731575,-0.86564629376469,0.4556465501394437,-0.16229960324658416
FALSE,1,0.8249911629266935,-0.34097053293791496,0.6798950706803952,-0.9856493027175383
TRUE,1,1.21616295020092,0.7823546742223426,1.3129377629563401,2.0065459429629104
FALSE,1,-1.1069189932556718,0.22862634849206492,0.9041107082295455,-0.03103684233728291
TRUE,1,1.0896267451201216,0.4520632476924074,-0.6453386738349906,2.265222491118312
FALSE,1,0.22701087160365493,-0.4892258431080824,0.5898925194540432,0.8933543356684437
TRUE,1,0.1366597835960226,0.330603857823198,-0.4703811995085956,-1.230359272724438
FALSE,1,-0.32557737580086205,1.30860627079537,3.140350915597738,-0.3540123027066844
FALSE,1,0.53445566684321,-1.0188276368105422,0.09723267248868843,0.542227064311296
TRUE,1,-0.33015641776120563,-0.34387751003627465,-2.304492780320694,-1.0779431883190094
TRUE,1,-0.37755456733835796,-0.8141979772020573,-1.046090868713453,0.03743016049605951
TRUE,1,1.0797026221723882,0.8403111436535109,-0.06163381193761347,-0.7147215273067978
FALSE,1,-0.1903771481085527,-0.8184221561235936,0.9917266309143943,-0.7251895253220711
FALSE,1,0.7881823574787323,-0.4854846714063865,0.6522962928117839,0.6689266195274026
FALSE,1,-0.21846585857562006,-0.6864033000246516,0.6992879602155475,0.11549784189243965
TRUE,1,-1.0361734800129048,-0.18755903092313214,1.0885605216868817,-0.9228409448112301
TRUE,1,0.1681141369160259,1.430904761625698,0.10318430749429831,0.25818729450873795
FALSE,1,-0.752865261872448,0.3421987382695368,-1.6272239734927265,0.7536492822432607
FALSE,1,1.2635461451519008,-0.5749064660020552,-1.2986172660386373,0.8902373962022547
TRUE,1,0.9866920135697721,0.1875709694881995,0.805108001063418,0.9067363090611157
TRUE,1,0.2223134462021538,-1.6382163882746612,0.12043034780943143,-1.291967298433359
FALSE,1,-0.7518391664718296,-2.233769654046756,1.8928282987014893,2.7824308919862437
TRUE,1,1.4476594568832266,0.8706929638855603,-1.2865985520916698,-1.5879852361948097
TRUE,1,-0.4622852395298598,-0.5840232313886188,-0.12527549480120542,0.6871560402949716
TRUE,1,-0.39565425422590633,3.121245194613231,0.050854572878266974,0.7709405848458734
TRUE,1,-1.0560847203146713,1.3134609748031139,1.1964205360083242,0.8345776028762038
FALSE,1,0.7826431415803392,-1.532595024062721,0.40892987970694494,0.307383271668798
TRUE,1,-1.1162079759034658,1.0488043309313935,0.1650711442064201,-0.5627998372642252
FALSE,1,-0.5922437318149717,-0.01424297651209185,0.33295632515887413,0.6751320993668094
TRUE,1,-0.6962005500503529,-0.562702868790704,-0.7420646732788768,0.5155433658110635
TRUE,1,1.1996000212492666,1.1660097540821315,0.014619969269525315,0.014002898366518522
TRUE,1,0.219492308688088,0.9922549039671816,-0.9957817583581925,1.863278864443811
FALSE,1,-0.49640526273243085,-1.0075587701100435,0.6679840164206502,0.5229625575639447
TRUE,1,0.32383902327521635,-1.2822429943352345,0.05236328962905414,-1.389319541922404
FALSE,1,1.322556949254641,-0.8490846048474655,1.0136752123698578,0.001644168902072284
TRUE,1,1.488569346026678,0.19916748362083989,-0.8579473770484987,-0.9548118723209386
FALSE,1,1.776935174249961,-1.973352768800399,-1.356208012385893,0.6734214193295195
FALSE,1,0.5386297677466079,-2.847919789638659,-1.0452532854460148,-1.1051179934815987
TRUE,1,0.1669565706262303,1.3497828212977587,0.9223530486265216,1.5439072206879707
FALSE,1,-0.6169234386759023,0.32491200778445284,-0.7310738217951576,-0.29576368162654704
TRUE,1,0.4123016683342564,-0.1896310991686995,-2.6290742539223513,1.0162397925685973
TRUE,1,0.31123447501178514,-0.05506325252225217,-1.898712601356233,-0.13607559870731567
TRUE,1,2.7124264815720873,-0.2045169419722814,1.4304388950880258,-0.027004603899600358
FALSE,1,-0.363509976201866,-0.5474600165198685,-1.4814025557999901,-0.6894104604760037
TRUE,1,-0.8176138163715213,0.37238340247415297,-1.4689523090925436,-0.7182577525015347
TRUE,1,0.6166140390271949,-0.8355311350220707,-0.5100151331415115,-0.696364985847476
FALSE,1,-1.1922912103368248,-0.15399588824715507,1.1415138797473163,0.7684382163014509
FALSE,1,-0.06427442036887207,0.4273710022005183,1.8766409775284234,-0.12764742527689352
FALSE,1,-2.0772612843486473,-0.07748834624775819,-0.4580223663758729,0.04164117217542133
FALSE,1,-0.37852772595922907,-2.1480388310812972,-0.5442248616076161,-0.8058565990021394
TRUE,1,-0.775279557622412,0.15917055199668048,1.811169042759411,0.7113074091906619
FALSE,1,-0.6047498165919896,0.22412231328442858,-0.3912724582666396,-0.9788153523747749
FALSE,1,1.1919631534317248,-0.09142617858609506,-0.30024252560218656,-0.6826932838365323
FALSE,1,-0.08979716627504605,-0.6197664895692697,-0.15129504935675075,0.8546038505638723
FALSE,1,1.5821672923766843,-0.8889832551262354,-0.33151178652681124,-0.048086618984969985
FALSE,1,-0.8227045821161192,-0.896124214246668,-1.0417988628751504,0.2946797764776716
TRUE,1,-1.860741342752741,1.1024127650711617,-0.9045074669208936,1.1428311618721292
FALSE,1,-1.0583939851530872,0.21874357927454288,0.3691394664336208,1.1534828941641644
TRUE,1,-1.4670890773266787,0.3325008614534904,-0.3119382271774946,-0.28224534462030676
TRUE,1,-1.6322185339193753,0.16319862771756674,0.1883501004866048,0.5205547425177096
TRUE,1,-0.21279771794103622,1.7067776442431093,-1.5756993355984588,0.5603502495586307
TRUE,1,1.2952533308892464,-0.28518199657560733,0.8758941099390717,-0.3334694733360894
TRUE,1,-0.21062898041113198,0.7247449806064021,-0.43664055035999905,1.1760518815147003
FALSE,1,-0.23109756519610994,-0.8885321989978006,-1.2225144756638195,0.37780205948831075
TRUE,1,0.7355858850274278,0.33589098836510534,-0.4229616508923295,-2.4397533625054444
FALSE,1,1.0074984452704412,-0.07156228066377741,0.07496423568184594,-1.251123031690923
TRUE,1,0.43665202598812436,0.6609008732280498,-0.17595596051489426,0.09442830363504008
FALSE,1,0.18893864369666738,-2.156729227137712,1.6747891365245664,-1.3349566057620594
FALSE,1,-0.6596167752200137,-0.4724754572179727,-1.2250416264923862,-1.6600208005772863
FALSE,1,0.12073829228730353,0.25164768114762565,1.6821164911639401,-1.3667566962118902
TRUE,1,1.5196071429686007,-0.41289470731017097,1.7038681773371442,1.622506585811834
FALSE,1,0.3095360189003519,-1.7831205013309444,-1.841934424839446,1.0196476435467032
FALSE,1,-0.6685858803687111,0.2319662404776759,0.23844982466502526,0.3403976357931225
FALSE,1,-0.46208696122183346,-0.9800475933653742,-1.4123872349910438,0.7003381999377922
FALSE,1,0.17401502626727214,-1.1596699399587493,-0.7765144608858356,-1.564874719776162
TRUE,1,0.13169808404211225,0.035397273470081404,0.3068117345868355,0.7779537807241419
TRUE,1,1.2670644405811482,0.49035326907333177,0.2131502079997166,0.6030780860284202
TRUE,1,1.007309829245029,-1.6927737984083042,-1.6797383663806813,-1.1520992174377365
FALSE,1,0.6975426137944047,-0.05677625184146339,0.3174996845569192,1.0166292985091208
TRUE,1,-0.23272760046198146,0.05308268705128078,-0.5719180532715284,0.2932448187804983
FALSE,1,-1.634194137008936,-1.7024614274336831,1.1584117612122689,0.18777989351689053
TRUE,1,-0.4452286812639805,1.7805164768332427,0.4581604044781584,-0.5015680076779361
TRUE,1,3.01920513779308,-0.22288549941508956,-0.4183721242934437,0.21051912521566893
TRUE,1,1.7090340544459115,0.07681317830980784,0.17008832044587496,1.2570915298417946
TRUE,1,-0.41856953917593887,-2.1241620185560444,-1.113843395527109,0.519818798104209
TRUE,1,-0.7004261789744345,1.7733229343495525,1.9366778970746708,-0.15184522795152322
FALSE,1,-0.29281419252542784,0.6289122398602007,-1.279863096752677,0.3628692442810785
FALSE,1,0.537689484988628,0.36703119231286435,1.4951475135355219,0.1323167210068903
FALSE,1,1.3533310537083394,-0.8647397394858949,0.4311923188202976,0.5161300775607717
FALSE,1,-0.8521037801530433,0.6184726756272061,-0.1698752490013373,1.1681127515428664
TRUE,1,-0.21942715815222494,-0.6949840475233541,-0.16800720835814598,-0.07124172903396929
TRUE,1,0.5057490643130614,0.7444755531276768,-0.6431835329064948,0.880729187715944
FALSE,1,0.96536548494303,0.9363741908201536,0.8872186014523241,1.0977779187074965
TRUE,1,0.6044716659195375,-0.5665589685222273,-1.0637401542388993,0.13318614499659118
TRUE,1,-0.5055586982028261,0.6303714532293395,-0.6413353968638144,-1.4719412140584296
TRUE,1,-0.1919738710679015,1.8402558417313104,0.5569442607393817,0.3918685933189798
FALSE,1,0.6115530814595528,-0.4598655075771242,0.06340673614203007,-1.1384083236475018
FALSE,1,-0.46012572812217334,1.9195069806005371,0.5124804328911647,-0.15652118491461905
TRUE,1,2.151222510441276,1.2109539448357258,-0.07032908787832817,1.225596298392064
TRUE,1,-1.3364471753790659,0.9996563876668991,-1.209406382233527,-0.5874623104869376
TRUE,1,0.5776346690338031,1.297493688720463,2.6828343884440002,-1.6074247724005866
TRUE,1,2.3176926163067715,-0.11244921804914204,1.7487246941048888,1.0297942463215874
TRUE,1,0.31779696388085676,1.5657316248470343,0.3470125555821819,-0.5421487478397818
TRUE,1,0.5101412747889411,0.9439336038811532,-1.4119950885453854,1.5959233487104627
FALSE,1,0.7010662941660958,-1.9329494071910502,1.6462855292648457,-0.8552897385975552
FALSE,1,1.800054765142954,-3.1057655819066676,-0.011261529844192417,-0.8011969835362357
FALSE,1,-0.300346265214102,0.7039078234554841,-0.906515508748045,-0.5234136568328983
TRUE,1,1.5068146225302226,0.8611365446344122,-0.685199365864438,-0.016433995848304378
TRUE,1,-0.21021275285011928,1.5553260605217405,-0.38150654023786795,1.6802073749592443
FALSE,1,-1.905189141131539,0.3172906583643086,-0.3745395032630588,0.6727149705499581
TRUE,1,-1.2227069049475354,0.19825510100427707,0.2535098566693454,1.2091706423113573
FALSE,1,1.2430798810886858,0.13223961445903812,-0.027259654241693968,0.8709909922809814
FALSE,1,0.4578236833565176,-0.9400500143618342,0.41962343574022803,-0.6565417746741071
TRUE,1,0.5391771937412243,-0.566053030489487,0.6166340666031266,0.34672804666588497
FALSE,1,0.7925971864675735,0.17938704864991525,-0.509748026055061,0.48023663481785434
FALSE,1,0.7613094903740627,-0.4501297776083785,0.048798402855438634,0.6680283470426056
FALSE,1,-0.532875166714253,0.7815173324849553,2.71406411358165,1.8903504542805487
TRUE,1,0.9164207911649387,0.6747290226408719,0.4561145075330597,0.8613976480090638
TRUE,1,-0.44418477999318295,0.2011122209879636,1.0303345241947612,-0.30538315135432154
FALSE,1,-0.1319884519444546,0.6994645357006269,1.383637320840114,0.9315324220801333
TRUE,1,0.9916178791358884,1.4050547102215378,-2.148403318330215,0.3620154944554954
FALSE,1,0.4756792179737547,0.7229737447446539,0.7569723691217447,-0.6020183541152828
FALSE,1,-1.0553975451229352,-0.5468078964057902,0.4273142631540664,0.7323113157691973
TRUE,1,1.0328442666761641,-0.45174718947077364,-0.4707929833094301,-8.914673060674822e-4
TRUE,1,-0.20018167399100364,0.39002719878938186,0.3906477693166943,-0.34052884440403525
FALSE,1,-2.457690187176898,-0.044460898189033045,-0.5542440057111185,-0.5183160567224172
TRUE,1,1.6330548778795433,-1.0389853338404675,0.33990271423870483,-0.1324656696640422
TRUE,1,-0.1564924945982999,-0.9127096299977508,-1.5814311039759594,-0.4814787211962654
FALSE,1,-1.096911768323894,0.8316329211730953,0.44500498325070553,-1.6815791937550408
TRUE,1,0.6119869394565702,0.4586859910138767,-2.033943416222657,1.4113161244127055
FALSE,1,1.89379158423118,-1.213674276444812,0.5725803499451709,-2.099989270136515
FALSE,1,0.8638891512457227,-0.9167378067137759,0.8553163446168072,1.4721785971832326
TRUE,1,0.6830485902561754,0.22744500143422122,0.006715012511967434,1.0044310457512922
FALSE,1,0.14680144403411455,0.6802350842559699,-0.9367506395151198,0.7493349192804158
TRUE,1,0.7922543751734316,-0.33318766727203186,0.11859968952072883,1.2630824370446516
FALSE,1,0.1822650559460591,-1.6635814310753463,-0.2622671626028468,-0.08412576877651018
FALSE,1,0.9932058118771135,-1.1731602135186066,0.3609090272836718,-0.9196462832421753
TRUE,1,0.31773489602281635,2.756903262949487,0.40446486007549903,-0.17366582911416273
FALSE,1,-1.5354218675575826,-0.051143751236398687,1.5076044308334562,-0.21841507116935222
FALSE,1,-0.13018559066919436,0.14820798762784693,-0.5845199613344435,0.7780339173734475
FALSE,1,0.16172367034091387,1.0616940456300026,1.6358276416266146,1.2109155683051809
FALSE,1,0.47002610949618917,-0.7728468445620967,0.28370597770399153,1.0993284017763107
TRUE,1,0.24832906491399434,0.6459202936826275,0.646327705088872,0.9100585713398787
FALSE,1,0.558627257459767,-0.2680634316512669,1.3767695221228693,0.6590044718543224
FALSE,1,-2.5028304910162573,-1.099425036934876,-0.2386668005669375,-0.4115746211238031
TRUE,1,-0.257026341506501,2.5143902022395204,1.610584086465014,-2.2880411869588775
TRUE,1,0.5510859765634697,-0.12567217492316513,-0.5553231460647858,0.8779367747523367
TRUE,1,-0.7890875168115169,0.17920938726307742,0.24158213107215892,0.3318805683249097
TRUE,1,0.288729858656176,-0.10139626117485159,-0.4332798426049583,-0.3775264853858144
TRUE,1,0.4281056062632187,-0.6471730168636644,0.8905230851052732,-0.2861438754860458
TRUE,1,0.4008702573856889,1.4750924681182498,-0.5061369175965132,1.1600867216920852
TRUE,1,1.3476044463822432,1.1009894780149685,1.4546213051974113,-0.4536065191286161
FALSE,1,-0.8619356946445893,0.9919731267777483,1.8068992548313738,-0.45806193069649076
FALSE,1,-0.5271038716112147,-2.073250331885601,0.29112914698724307,0.5451492991161981
FALSE,1,0.617320132410459,-0.05196830927862421,-0.9210884585422799,-0.8378891531503244
TRUE,1,1.4687031145021852,0.3776010112830915,0.1411817072881764,-1.2717468981558622
TRUE,1,0.027961067212232578,1.4075116970696573,-0.9149726225922855,0.3179652401472201
TRUE,1,0.2522340994044699,0.721634493559096,0.043176842012818795,0.37577481623652614
FALSE,1,0.18382692652787547,-0.23452807482830676,0.5835701490491969,2.2828179788414014
TRUE,1,0.6008464182665684,-0.2842775781278765,-1.3286743882102605,2.9177183378193847
TRUE,1,1.1957259305148467,0.1384943335847691,1.2173680897631995,0.9367567459841849
FALSE,1,-0.28552962002356874,0.22171238708541177,1.444861977790063,-1.2679777866072077
TRUE,1,0.5150280447946661,-0.029307882332704774,0.6186400650529233,1.0160467219478804
FALSE,1,0.9738288152674582,-1.8303923061724612,1.6304300552909412,-1.8869787368866122
TRUE,1,0.841738536148781,-0.27932979520522805,-2.547910895312102,0.2113801518822676
TRUE,1,0.7074411590448296,2.482033391169865,-0.2523868422455001,0.16218300665827826
FALSE,1,0.6832537672256729,-1.573524500815067,1.42066332215638,-1.405398047934729
TRUE,1,0.08012890174317415,0.3862532732455274,-1.6042207870539718,0.48871984807675223
FALSE,1,-0.6499867258422789,0.49917435740396376,1.5813127328157073,-0.7574364549843997
TRUE,1,-0.006163955819807382,-0.23945592480254432,-0.6550325234046493,0.10138346296090392
FALSE,1,-0.8080891844864326,-0.19750941544340725,0.2532779327293926,1.38652992934962
TRUE,1,2.290347971170478,-0.09205272044364347,-0.1646685268667383,0.6192886089766727
TRUE,1,1.2119724988618754,-0.2285768891377984,-1.219736510946808,1.2768809349862005
TRUE,1,1.6224932928898625,-0.002497356664511245,-0.9665975882615057,1.0671747055017091
FALSE,1,0.6305104814269746,-0.9324462205314149,-0.17172191008051174,-0.6765764317277085
TRUE,1,-2.3335278054303417,0.08172602489989822,-0.09724335412280784,0.47044629818798817
FALSE,1,1.0475013577813455,-0.7307104373883854,-1.1178497776896799,0.2539117914741839
TRUE,1,-1.2504196852486846,-0.31369959238920625,-1.484403460865753,1.2098913135648786
TRUE,1,0.12571960102556495,1.250096304650449,-0.4588143722898714,1.139810069100796
TRUE,1,-1.306350018575018,-0.6242543727305709,-1.3889123407892388,-0.09569954107880653
FALSE,1,0.6302370192292266,1.4387484491323403,0.7271232128677203,1.2488690296013731
FALSE,1,0.020231090477710607,-0.2047269496263959,-0.3138147068482276,1.3170960332456176
FALSE,1,-0.5623753483358633,1.1384958084753773,-0.20214228509201396,-0.26584224825536473
FALSE,1,0.08272002713378138,-0.4238310557726099,1.1790207661248846,0.0662958430525468
FALSE,1,-0.21620779124265213,1.0639593039181436,-0.3815104384773301,0.780922810712824
TRUE,1,-0.1950675067813198,-0.42396737310892146,-0.18310584313731762,0.11688742506886832
TRUE,1,0.0035099543344658734,-0.15048314178896852,0.2922502136616562,-0.5588969897542398
TRUE,1,0.42356094603591143,-0.45677606280783073,0.9344633140937711,-0.17092060017545835
FALSE,1,1.4671839845710388,0.4891251193183519,0.055583960488342216,-0.9545903966769271
FALSE,1,0.5347822050893432,0.23859355071943578,0.40106774292841424,0.0953730213821958
TRUE,1,0.2543441139316785,1.1952819079956287,0.504915610915196,-1.5075515065151892
TRUE,1,0.7352756850312505,-0.1959031999288346,-1.493138151752616,-2.140011032466244
TRUE,1,0.1979558099340877,2.0510829374105066,0.15242238413720577,-0.16480696917521398
FALSE,1,-1.1519233662130324,-0.5023212958407984,2.09449717479259,-0.4232793395911582
TRUE,1,0.7981590677293963,-1.5226787728749138,0.7829721099876746,1.439988019748465
FALSE,1,-0.09220682329321891,-1.7859284681812093,2.639065060414328,0.4808165877799291
TRUE,1,-0.862602277072341,-0.43222206394135526,-0.3619046963221832,-0.5884578023082885
FALSE,1,-0.6805796953367601,-0.47289370715777984,-0.9050300253116441,1.271829492110075
FALSE,1,-1.8547940874567457,0.04154541536333558,-0.29505634594163366,-0.09012483600243089
TRUE,1,0.633823358632805,1.2392726637917182,-1.4826688063559503,-0.9000134920467843
TRUE,1,1.0706608396534598,1.767483151256024,-0.04458074817362298,-0.3353247692084656
FALSE,1,-1.5131079448936293,-0.2798273995823897,1.5087077227733483,-0.3015653704184312
TRUE,1,1.0345436635135794,2.110140818875413,-0.7196101880325054,0.24685891000316765
TRUE,1,0.28914931037208186,0.04933330368454294,0.7935152262874989,-1.8019877695370259
FALSE,1,-0.07458304214487874,-1.5218983174259784,2.0529186506019377,-0.7078183392193264
FALSE,1,-0.2853803356049326,0.024160085349293637,-1.3584986273995239,-2.2912257271899388
TRUE,1,1.366931590590643,0.8009798862657084,0.33222010349498415,0.15417545618794207
FALSE,1,0.30883209637191106,-1.5452500277755947,0.4034816652437662,1.403922425597878
FALSE,1,1.3000064708374321,0.17056313083610647,-0.6183373663461849,5.707407549649518e-4
TRUE,1,0.12000761018204227,0.9238685534230536,-1.3829332628059934,0.1982681375885308
TRUE,1,1.0147146107920522,-0.6071224849136233,-2.55119244023198,0.18539189698109856
FALSE,1,-0.3853077722282716,-0.49090135626681103,1.007638064973731,0.17102288750376612
FALSE,1,0.9481272442091015,-2.4247195235276386,0.494777549276253,0.757005078515282
FALSE,1,-0.5245250370436891,0.08291567455251836,1.1850761425969816,0.17038461025731402
FALSE,1,-2.1280549835009177,-0.6401975397356071,-0.40451848013375347,1.3616467093716151
FALSE,1,-0.6461189526156653,0.032455716718355565,-1.1480476724297901,1.0274703095020277
FALSE,1,1.422434496726755,-1.0343002196268396,0.5506114806000815,-0.2768544812760338
FALSE,1,-0.3911693152798354,1.1451676672480962,0.6224130354249731,-0.5528034654146863
TRUE,1,-1.0810387753856396,0.6288639544521816,1.7163249851280549,0.8276339190271971
TRUE,1,-1.0298717566473947,1.0577503543418123,-0.8466762160473642,0.807383178557471
TRUE,1,1.0548483577458385,-0.08672409900383152,0.019630134082955907,2.1836003406878124
FALSE,1,-0.57629646057188,-0.3164123163768162,-0.3304141600712569,-0.35727535377543695
TRUE,1,1.368761912239403,0.38374057230931613,-0.2410999999115953,0.08536997632069
FALSE,1,-1.0759557060894966,1.22577884565944,0.4465751649722489,1.4915313930949041
TRUE,1,-1.0361841076431215,-0.7968732755124904,-0.9564461123261244,-1.3569718759208993
TRUE,1,-1.2337357928056403,0.22552032421345244,-0.9661786506490087,0.47652763004429827
FALSE,1,0.4534813652548027,-1.368654486451991,-0.9409511765898817,-0.8212698191972438
FALSE,1,1.2248266161268617,0.06639388748943426,-0.9299601728023581,-1.7680935056126352
FALSE,1,2.2447333610860047,-0.7922778643938746,0.8283479715521687,1.609468280249966
TRUE,1,1.3598280733779864,1.3807809267000497,-0.04213165093757107,-1.268291639294297
FALSE,1,2.710776960046843,-1.0216166991560156,0.5622930846237655,-1.871919810060194
TRUE,1,-1.0048518248415808,0.9603771226944915,-0.7177787101858968,-0.3093668252586501
TRUE,1,0.020490275592956807,0.2617471151854276,-0.433555588549054,1.2577795229333404
TRUE,1,-0.07943556935646824,0.4109305818119474,0.03159103054288305,0.3287068447556375
TRUE,1,0.9221223853120543,-1.0991326106888812,-0.7151056177959138,0.712365558486974
FALSE,1,-0.36690418323710444,-0.40664972258182575,-1.5233060367301354,-0.3985384234850921
FALSE,1,0.20444360223566557,0.23132121277837883,-0.3103142730172516,-0.2501584354192204
FALSE,1,-0.5269575772938033,0.31044182668152,-0.42078269224878556,-1.322835631063455
TRUE,1,0.15514044913115305,1.3355137759318643,0.4783234956299887,-0.7731079088975823
TRUE,1,-1.00035534771797,-0.894062655848134,-0.9809094396974136,-1.0732347287994888
TRUE,1,-1.1263018085945673,-0.08123742920409784,0.6141913971293191,-1.1249479651294816
TRUE,1,0.2795481619203048,1.6272577575873362,-0.5095973876436543,-1.7212062045925154
TRUE,1,0.5445787966321027,0.008196559732708273,-0.3729655789182148,0.7312075330872841
FALSE,1,-0.8856528052604159,-0.43116932035049027,-0.9650704702810792,0.5880371533055246
FALSE,1,0.17382971228082783,-1.3106759850167147,-1.0234603946839718,0.27541914931406497
TRUE,1,0.8292254277800681,-1.0073501906522757,-0.2648565448009599,0.20644646770920266
FALSE,1,-1.367810233780203,-1.5747362626901191,0.3874826453611896,0.8056882439426798
FALSE,1,-0.4804325273126099,0.5223765329413376,1.5505790368755665,0.2591883916786252
TRUE,1,-0.45361613766219655,1.5169784560333779,1.92025168568304,1.0436902764241014
FALSE,1,-0.9970381530471615,-0.05380233907361223,-2.7785286964900595,0.11732719103527613
FALSE,1,-1.2206008396355992,0.1817466350969829,-0.01711798183799001,0.029527799039185648
TRUE,1,0.04764952650169568,-0.6561265953491362,0.5527183423810684,-2.100593234199584
TRUE,1,-0.6921744350592316,0.16080619704223012,2.4556196534619974,0.7059687750832099
FALSE,1,0.2192879026419711,-0.384380748695013,0.7733815717285962,-0.0865068676335316
TRUE,1,-1.2223882582509247,-0.8218458362192042,-0.0027847506428489324,-0.6068448259249503
FALSE,1,1.5507889331621847,-1.6690836359667018,-1.1390745223351293,0.7353512692954519
FALSE,1,-1.0399400011738622,0.3018123641557158,1.0958423856846662,-1.8634318404329777
TRUE,1,-0.8676155200695169,-2.540017358939635,-0.27354124019599313,-0.5270346452475861
FALSE,1,0.8019423668031979,-0.8942143892981604,-0.900794180163956,0.8353973632344661
FALSE,1,-0.24673080414864496,-0.4046733731748187,0.9673295996920435,0.44848979054929355
TRUE,1,1.4804816992879093,0.18442106139329112,0.026840558611054888,-0.2873758381920558
FALSE,1,0.9768526229485859,0.3698671360542598,0.9821116280743557,0.7852431745460144
TRUE,1,0.23392766681667035,1.2610188757186613,0.0023289330566874464,-0.8458675871732005
FALSE,1,-0.5486841276977426,-0.5057508979719032,-1.8219326620401357,1.1769338521286443
FALSE,1,0.620539497697707,-0.2781918421136787,-2.0209429306189257,-1.0295170618340581
FALSE,1,0.2371163091141953,-1.4448880349671165,-0.6500574637947208,0.8015920472405738
TRUE,1,0.9024926444759819,0.9078121639041746,0.6784688015158541,-0.46701059207299217
FALSE,1,1.60344979527077,-0.7239220480550814,-1.5055873410378462,-0.33130990761855833
FALSE,1,-1.3199246111291092,0.6908949004096849,-1.6719330203243636,-1.2459145550013775
FALSE,1,0.4498171063025377,1.5560815984171068,0.037206391185624695,-0.1424738979751195
FALSE,1,0.8134674240228299,1.081922657835861,-0.8481555539500649,0.10497276164806191
TRUE,1,-0.8425166425255359,0.7754221869209504,-0.7097588647601724,0.6380779487455306
TRUE,1,0.6353210219111514,-0.4863181620639602,-1.264945270706848,0.2859247367104742
TRUE,1,-0.08682829201647894,1.21296925591166,-0.7672304717120811,0.5922745083912084
TRUE,1,2.5253637706092857,0.20181264982603977,-0.15746600154907728,-1.0884761606332984
TRUE,1,-0.5188553037357718,0.08379852009337144,-0.12343179313420387,0.3443790887503547
FALSE,1,0.04828825875589591,-1.1741004788248393,-0.28981995078444533,0.1939000844943029
FALSE,1,-2.1698751032727355,0.6775055650220764,-0.6168223177646408,-0.21420575355723662
TRUE,1,-0.3139851436582249,-0.4758005756245072,0.9590589231629595,1.1456472127424169
FALSE,1,0.28702033086150996,0.887507352948974,1.710740534956928,0.8424619945893708
FALSE,1,0.3998833537022324,-0.5198420653725727,2.5215998082617523,-1.2006850602752133
TRUE,1,1.0013967394316792,0.11162432705558653,1.1676023694750124,0.3609046843527647
FALSE,1,-0.11258483825188297,-0.7501590677049854,1.0059129635424127,-0.3223198858533248
FALSE,1,-1.2156467236270991,-1.8940554598576147,0.20688365193989264,1.8029940534854163
TRUE,1,0.20650203579426324,0.3321309565553776,-0.36981138453703843,-1.6070962941874893
TRUE,1,1.697872734577751,1.1717104103677336,1.9883509231629308,-0.2405978923710257
TRUE,1,-0.6951200455878366,-0.3100124082339647,-0.9406429948652831,1.09392497621528
TRUE,1,1.6488746152049862,-0.7680435702937378,-0.8334499948681584,-0.1343388436164444
TRUE,1,2.0427048537527934,1.3255410176734643,-0.4314285310943658,-1.5731085863650647
TRUE,1,-0.3993539810583655,-0.21414782552072556,-0.6020441831607036,1.4297039963432476
TRUE,1,1.0651039502465642,-0.268857058249682,0.5591534857893319,-0.689353857242035
FALSE,1,-0.8710677539685314,1.06982026046966,1.145889785173421,-1.1272393969044798
TRUE,1,0.35289799880923267,-0.37904101135345164,-0.5086545226815599,-1.3228974548669894
FALSE,1,0.4689791616584118,0.29199275640741784,-0.1743272330226572,1.0374358202420475
FALSE,1,-0.5865682906389579,0.9474137907000042,1.564444676879532,-0.23340144558320164
FALSE,1,0.025385856974528838,-0.8541151129864747,-0.9914721486821721,-1.0680462917910452
FALSE,1,-0.025122873917960767,-0.45859881801404667,-0.35384448040438216,2.0620080862613235
FALSE,1,0.5451939894499701,-0.6669458162378676,1.9308189563122107,-0.03387771640160539
TRUE,1,-0.5982398169796853,-0.5421067128946526,-0.6778772350502397,-2.308809963139612
FALSE,1,-1.1628781835855835,-0.2953029311822905,0.28006364494756164,0.786657976805157
FALSE,1,0.5386764643634426,0.030326399000292475,1.1252196293399768,-0.2780818162807076
TRUE,1,0.1844723440030225,1.6504692451875174,-0.21151565921889617,0.6493641872958018
TRUE,1,1.2223122973112048,-1.4093625601742261,-0.16526884920375084,0.9949345563734673
TRUE,1,-0.6338007586197261,-0.5547670941586066,-0.7433502567433056,0.27342374426687677
FALSE,1,-0.13745408896509123,0.03517884381377048,-0.1445463038813443,-0.9479923136601099
TRUE,1,-9.324653860010863e-4,0.9218861747808127,0.49539790338351486,-0.2702792514131704
TRUE,1,-0.19045048701473555,-0.13788338440118633,0.655417887706301,0.7310515654551148
FALSE,1,-0.8610756055903291,0.9938584329982237,-0.21725690373638543,-0.16130060938760274
TRUE,1,1.0640097944176528,0.8273922365023205,1.0214221507871457,-0.47248693993292595
TRUE,1,0.8959457892209385,0.2939714109888055,0.4935414813032545,-0.08938120608221407
FALSE,1,1.4145291391864228,-0.34622869347402624,1.097579476750144,-3.018860091549584
TRUE,1,0.8214373346020132,0.5629612667381513,0.520249330226429,0.5928860047361402
FALSE,1,-0.6645109076980832,1.097833840752803,-0.46181347150158375,0.6523121168907877
TRUE,1,0.2935189088980255,-0.44654606080552595,-0.05087661606261098,-1.0961017403217364
FALSE,1,-0.04117006429332741,-1.4129510162755008,1.1614548972963274,-1.6175965800261352
TRUE,1,-0.7632069241474311,1.702113383729786,-0.25662041729615953,1.3339609361630809
FALSE,1,-0.08534355073391804,-0.6815545395482366,-0.7880017391206501,-1.4852660346628639
TRUE,1,0.19460691221577206,0.19750769797183407,-1.2255494075715627,0.2108818902937261
TRUE,1,0.5146594713095721,-0.10081404697899314,0.24998342706059118,-0.7237821699357273
FALSE,1,0.6632749166393238,-0.9731486082834382,-1.1173705059508234,0.554592322970747
TRUE,1,0.0513091276053882,-0.15142533483396908,-0.39275185841711163,0.2123605766040725
TRUE,1,0.8725440361411159,-0.23556826115487894,-0.87403369808645,0.2667584918288398
FALSE,1,0.7100385880119511,0.07846300049391401,1.3516072914830186,1.5566800947173896
FALSE,1,-0.7088423824104721,0.17975580916776987,-0.9609435738412204,2.832034440026401
TRUE,1,1.4706999470288693,-1.0760379547219243,0.6476476764288545,-0.333401363477056
TRUE,1,1.0363949096256508,0.8206091641974957,0.5920226268316756,1.6409163974002698
FALSE,1,-0.03922552935853419,-2.057343754760238,-2.2131071380744496,-0.2175070750260985
FALSE,1,-2.4291745010413863,-1.7629567270987896,1.0676791636042362,0.5955603187523593
FALSE,1,-1.8812257842050284,-0.04500178450329701,0.6829758532421863,-1.0410582036630651
TRUE,1,-0.8844068181732329,0.6486883735074062,0.5915418414913195,-0.018784614960773997
TRUE,1,-0.09719755341784728,0.42183710384451684,0.15086116615969566,2.436899966987161
TRUE,1,-0.06512076778787813,1.4196498485066198,-0.7950974326032157,0.590298511944038
FALSE,1,2.1354604557725483,0.3312237331685751,1.0890714814016393,0.13151838165134616
FALSE,1,0.2068445239974323,-1.0812404374513744,0.4904940783912528,0.909060809597312
FALSE,1,0.8089640011694672,-1.7733415153685956,1.5713540270890611,0.5600661755430825
FALSE,1,-0.31922225117872005,-1.3227877314138985,0.41458686807450473,-0.9304140879562748
FALSE,1,0.861933236086799,-0.1846594610168448,-1.313974551956409,0.2218042450424608
FALSE,1,-1.0243999008974563,0.06625648707104115,0.8083184153298486,-0.1160737779083178
FALSE,1,-0.14440206323432034,-0.0929553880511087,0.28255375347098033,-1.2684556121163286
FALSE,1,0.5240252123770919,-0.9628280805927897,-1.842252208376417,0.4866310722157556
TRUE,1,1.9470223960346011,1.278201412111732,-1.4293116068526428,-0.6699157439339825
FALSE,1,-0.316487625466404,-1.7439920648521472,-1.233549460405798,0.09228713631300044
FALSE,1,-2.030999655456404,-0.7283050451466706,-0.13368858720922974,-1.1889636618983277
TRUE,1,0.34058331563687033,2.1454413976519664,0.3466089227162582,0.4910420054221728
FALSE,1,-1.2877526750340824,-0.9909009220625138,1.1336930941135788,-1.418754685004648
TRUE,1,0.7290110515711974,2.3858538628215644,-0.3164021350009289,1.3537861391411623
FALSE,1,0.5761512612903561,0.06560302665071772,-0.46340633276244664,0.5437984508828736
TRUE,1,0.9690968438087565,-1.2672607682799821,0.17507591249068674,-0.6482838629934842
TRUE,1,1.8112926900948987,-0.13904166651704805,1.6305066803760413,0.2234080996245408
FALSE,1,-1.0726989672218992,-0.24403999942528629,-0.10212356953884277,1.4189667108963715
TRUE,1,0.11931851744989828,-0.125896907468492,-0.21128071332774104,-2.12938903295102
TRUE,1,2.196713456774673,0.7291500590300442,2.2052964409360865,-1.4133563087035026
TRUE,1,0.8213581603460102,-2.1821632846489556,0.8008116251537838,0.7968535718758478
TRUE,1,-0.7659627533257989,1.091460863863163,0.5870739417668975,0.4783248386808856
FALSE,1,1.017805789879115,-0.26464435029856354,-0.9870622233716939,0.16044401216628748
TRUE,1,2.336118959495934,0.246264379076833,0.7103754898254722,1.2479976665429435
FALSE,1,0.554050402839748,-0.7403730645477228,-0.7489550751744205,0.32294187133113805
TRUE,1,0.8550614180043302,0.07443757166877474,-2.0643691311434473,-0.4600349631469184
FALSE,1,-1.1171972631036589,-0.476831033352162,0.9052231752502733,-0.6562806507270126
FALSE,1,0.33273398924920433,-0.9738997930314094,-2.926348985784316,-1.2541121636598003
TRUE,1,0.6044825890234042,-2.8118543037213795,-1.0579719353114474,0.4938265212132406
TRUE,1,1.0263472408667647,-0.3591015584478103,1.2392144108445442,-0.5082870092837153
TRUE,1,0.24493301906567919,1.634689392006079,2.465288843331364,-1.6912060321718079
TRUE,1,-0.3716049947298775,-0.5896456072617986,-1.9047906907157002,1.0467602130394147
FALSE,1,-0.7313411873693476,-0.7239275648412951,0.8994593922790705,0.7565385233158558
FALSE,1,0.26991214943349245,-0.5425088049492383,-0.9974548829014668,0.8045488999626803
FALSE,1,-1.6463449712615397,0.1777239053539181,-0.36298318050264405,0.11755601731565896
FALSE,1,-0.025976135029066722,-0.47351599581029447,-0.32095934020997285,-1.1209561930354377
FALSE,1,0.5570511411416159,1.7744900719746692,1.0527615167334499,-0.31619575430717134
TRUE,1,-0.8406369634785829,0.7307710217441327,-0.7366552924013718,0.5194478823837879
FALSE,1,-0.24330475308002253,-0.8623205129703714,0.34115082036406064,-0.37494048570904015
FALSE,1,-0.4371929023314512,-1.131292039513919,0.13671760306084774,0.6073915873730986
TRUE,1,-0.34264594866230086,0.05266207199202921,-0.8614083050403555,2.2649489336211244
FALSE,1,0.5785364104786692,-1.3442887765861855,0.32290798005803056,-0.38027326014774543
TRUE,1,1.270745623196624,-1.386002006257552,-1.134338278502801,-1.35252756365549
FALSE,1,0.10506886346848004,-0.9643094936513995,-0.3844143521894131,-0.26227191753909374
FALSE,1,-0.06819267559490073,0.5909985894321151,1.2193802067974127,0.3780718238969257
TRUE,1,0.09975590445989439,0.9700258868113893,-0.3323276577309506,-0.9532690966474084
TRUE,1,-0.33565776365692124,-0.45971178630680054,0.014655727082091754,-0.9800172265598217
FALSE,1,-0.5006520988200779,-1.5958810047656884,0.46754163893131534,-2.0215369348018197
TRUE,1,0.6263694196746228,1.8341079941445824,0.5920476037781567,1.052905368134859
FALSE,1,-1.7938939063417478,1.0156595208348025,1.170091005568267,0.0540476473814735
TRUE,1,0.23423435761065156,0.9811877018757946,-1.3590999697409913,0.4408267119743752
TRUE,1,0.9077176387690019,0.1538708687099499,0.8172554906402639,-1.4347026429742038
TRUE,1,-2.068857712860673,1.3075071740257533,-1.2006375557739333,-0.0869177883150023
FALSE,1,0.2882147372682205,-0.3531416475269178,2.6526957093792776,-0.009629506438413775
FALSE,1,0.3239302316435882,-1.5354132654447166,-0.3944754043482846,0.24504305895588144
FALSE,1,-0.3911310235617588,0.2902676647530976,0.5142034131997322,-0.767440414885735
TRUE,1,-0.631372001426515,0.18880911652169954,0.9697107234607204,-0.30190278491735667
TRUE,1,0.04758949455805345,-0.689269217664679,-0.22590549369682333,0.6217711798109467
FALSE,1,0.9347209898163659,-1.0645019839217997,0.16481734675286833,-0.8771142474354889
FALSE,1,0.4206896136540171,0.011616700154352125,1.0596018164295684,-0.996004714851927
TRUE,1,2.2958567056361474,0.952243649870852,1.9722918433441126,0.44214197645845843
FALSE,1,0.06330597118610658,-0.2650874522602169,1.2705506219194904,0.5233210641538549
FALSE,1,0.9921439041173487,-1.4581097265559695,-1.6503748180019846,-0.7501281724242365
TRUE,1,-0.18483164247761158,0.9626755483083189,-0.7520587678118232,-1.5111816555166615
TRUE,1,0.15990776496783463,0.1232580069062395,0.5376708870403584,-0.10974433164345275
FALSE,1,0.7189834046688197,0.0482906764182603,-0.5481561732582207,-0.6110661035675479
FALSE,1,-0.8058852743794249,-2.5572653195142796,2.1339829716510192,1.2613848599476984
TRUE,1,1.1337498038696796,-1.032880629766788,-0.39727473964204413,1.7341501059826996
FALSE,1,0.9122215728087012,-0.4843319722263592,0.735558727393474,-0.9385343535599575
TRUE,1,1.0247416700031322,-0.9242291138224105,-1.2793466054861178,-0.010419527639185204
TRUE,1,0.09496595117594832,0.23129119365479398,0.4778521979275487,-0.17928174406013225
FALSE,1,-1.3547996343738495,-1.3914723980080144,-0.7527937595275765,-0.5989657475414841
TRUE,1,0.9700809825601459,0.8191436047936771,-0.2825430378227244,-0.14605499565152902
FALSE,1,0.11193448458636275,-1.9842386298916195,-1.3453645612678098,-0.28834007526255667
FALSE,1,0.24174131103070487,2.0193187218079545,0.2972767666742512,0.9489249155921791
FALSE,1,-0.9876139751350436,-0.6958266570668383,-1.1855303114830824,1.1484130421570373
FALSE,1,-1.5130622329842671,-0.42321809943186933,0.6109367742343357,-0.9220402713079008
FALSE,1,-2.411609111718335,0.02014452389716795,1.1246475384398351,-1.8151368584387146
TRUE,1,-0.6159157173898582,-0.09124690235618495,-0.39129220853136065,-1.5536019814885935
FALSE,1,-0.5879995052069927,1.61360373418619,0.5670444919751243,-0.14746970684334704
FALSE,1,-0.8440227727526705,0.5432130211494763,-0.10795533556384283,0.5135057176851539
TRUE,1,1.8602363278607361,0.15681562179750996,0.4514880008482658,0.2287387187520536
FALSE,1,-0.8013679993436809,-1.3363495237664096,-0.7848753852696908,-0.7593821438542876
TRUE,1,0.07518066845723027,2.981824391804227,0.5116321918169052,2.091820235047472
FALSE,1,-1.1280658369742311,0.2397627174479929,1.3036548871211828,-0.25208493662035975
TRUE,1,0.1622322483324568,1.4372587583063463,-1.6789477160403001,1.2731437843596825
TRUE,1,-0.030773164932091646,1.237231281989181,0.5902105021332278,-1.6043985393559914
TRUE,1,0.41008875928766997,0.2545722144528234,-0.8643557554781091,-0.6146150006278477
TRUE,1,-0.6303553285433312,-1.2402499141869419,-0.8966853453563559,0.6785317332601503
TRUE,1,3.058195734052069,0.9156330591089797,0.018643776849557037,0.1351242983310142
TRUE,1,1.1091931506591506,-0.9159713245755152,0.10675808176279142,-0.6326205059098945
TRUE,1,-0.43895529623480906,0.6293011923148538,1.319540501295651,-1.098623482680022
TRUE,1,0.9543472627421379,1.3835616183999142,0.9314926775929274,-2.7978175487123966
FALSE,1,0.4760903651210622,-0.8733081869552614,0.03224748670828968,1.0106612958470655
TRUE,1,0.8214847804103734,1.3899829673727828,1.5732987453053966,-0.4123026345603901
FALSE,1,0.4597555272976809,-2.148711943970151,0.7335770255655513,0.005794585780751766
TRUE,1,0.9522927219187474,0.2715062054561898,-1.4677807851785976,-0.08248840973370893
FALSE,1,0.5636144112920762,0.22041993924067949,-0.1256690713039339,0.5739687797898436
FALSE,1,-1.4009090840308063,-0.615203584520322,0.08062635747247202,1.6461897636095066
FALSE,1,-0.4010089414447499,-0.2250150495716474,-0.5790419446165098,-0.49423193558213974
TRUE,1,0.16101669225198442,-0.489773469114777,-2.292358109431544,0.7165264365221472
FALSE,1,0.10076129845872182,-1.2203398595621442,0.49944544830455095,-0.4427982133911284
TRUE,1,-0.18405602704365892,0.7118532363960005,-0.8309221152363757,0.49927692071303165
FALSE,1,0.8342077347061383,0.8050499934743759,1.5562620050284526,0.7341701282196087
TRUE,1,-1.0380665438687795,0.3957566640992692,0.6941033399771549,-0.05716559461849288
FALSE,1,-0.3331515828762656,-0.5530580173699856,2.352709101037706,1.2352144349915815
FALSE,1,-1.0883416870953366,-0.27891488990163604,0.3935799589612613,0.2800765928401683
TRUE,1,-0.20637767378520233,-2.381506218764378,1.207583303764546,-1.0888676430595303
TRUE,1,0.4810741520174391,0.5761188866981597,1.4048160810185335,-1.1563212783358632
FALSE,1,-1.108012862359707,-0.9496105950088615,0.5382682710387426,0.4270680197471413
TRUE,1,2.012283212121215,0.6326763811899326,-1.3720622379306604,0.7531686991301862
FALSE,1,-0.42432281915550074,-0.41333030653368197,-0.19462660461027467,-1.8907754295977375
TRUE,1,-0.7460333569730409,0.4102022224275033,-0.6108326373670001,0.6515129636725586
TRUE,1,0.3465835052619519,1.2294375770932358,-1.1034865119045716,1.0150677413497848
TRUE,1,-0.4763321382602672,0.3806996439230546,1.1517000032861735,0.7323806624265158
FALSE,1,0.2058176038919923,-2.3944739415549905,-0.24439900078337742,1.4684376407352129
FALSE,1,-1.5890953622802524,0.6062480494174814,2.7399733517497418,-1.2509986748964712
FALSE,1,0.49846140694112717,0.7541154601051777,0.28242313139550984,0.7228907630416198
FALSE,1,-0.8423260067973751,-0.09436163367382298,-1.149326830842292,-0.11287700838665421
FALSE,1,-0.7468552317107275,2.0250631448731067,-0.6264908785444745,-1.2501722255339434
TRUE,1,-1.675972824059548,2.2892272301610963,0.14296966404071904,-1.8806818366928062
FALSE,1,0.06989565327745363,0.47005801742850334,-0.0538373213289172,1.10792969059103
FALSE,1,-0.24775138296157673,0.38866681795730346,1.6351532968954776,0.251132816941997
TRUE,1,0.03643133316593056,-0.6584914605776861,-0.9790702422342159,1.2497354708814818
TRUE,1,1.0038100604267002,0.1163290856896164,-1.2721426215793332,0.2612204771598034
TRUE,1,0.9783019509269616,-0.6122093936639678,-1.172762756214234,-0.455243148172187
TRUE,1,-1.2070431009717868,1.2715574327812975,0.8254714118940196,1.3496522434105023
FALSE,1,0.28145426770251986,-0.8519115073463531,-0.5478379256683407,-0.4667761223755462
TRUE,1,1.5106308776469568,0.05330251818164421,0.3972249233355238,-0.3243263590510514
TRUE,1,0.6208723035757872,-0.27420316446466664,-1.0163453577388144,0.8865922184530985
FALSE,1,-0.43458782747579,-1.8971103218674077,-1.1825943963826504,-0.507826051802623
FALSE,1,0.48916602446391416,-0.11992314174784084,0.270387263687774,0.4101119197190535
TRUE,1,0.283472549885884,0.4820136331790816,0.28809789725474183,-2.7856078412743104
TRUE,1,2.167682908919173,-0.5955284681941028,0.2999836883171965,0.7669431687405153
FALSE,1,0.08844643114290063,-0.36647882196711656,0.6328754344105386,-0.4221230631412097
TRUE,1,1.6951872356419402,0.12892453204631701,1.2860938019500907,0.2087553866642536
FALSE,1,0.2836571796660006,0.016200195258570377,0.7466290520800698,-2.631606430085204
TRUE,1,-0.5736312964534743,-0.4821440893258563,0.6885018839640682,1.8709206852274198
TRUE,1,0.4080902669512476,1.1190203267066179,1.3839298550438424,0.767228179670879
FALSE,1,-1.2551907432234346,-0.3598885685100565,0.4943280828681356,-0.5738616467339073
FALSE,1,0.23336196843615703,0.5734403301542256,-0.46689323004805333,-0.09451335430515218
FALSE,1,-1.4788758064270726,-2.7026175209516925,1.7283922836358485,0.5901146755195829
FALSE,1,2.6849696165320402,-1.3157327570890265,0.8176517319192554,1.2294284071335837
TRUE,1,0.6680778922711614,1.4225789111551321,-0.2922002203691328,0.23469921124739987
FALSE,1,-0.15901131467224086,-0.5772068954760283,-1.2411547912284748,-0.25179052949523434
FALSE,1,-0.23052489044256677,-1.9278066690960622,-0.8464458256383426,-0.1429354847157034
TRUE,1,-1.6750854884643882,0.5247471762502064,-1.1460170316778964,0.5640269965757195
FALSE,1,-1.0035071334655836,-0.3067737536566586,0.8640326209912548,-0.6766957201277949
TRUE,1,0.17156915853139007,0.25182897082925937,0.5870081773725158,0.6285534417782616
TRUE,1,-0.7576759890722979,1.6641202062499694,1.0173762108516227,0.7472122387418016
TRUE,1,0.4239561275576922,1.4798852752084644,-0.6915915350933048,-0.43248091916050163
TRUE,1,1.8727764880163973,0.7848811026949087,0.07381718355076314,-1.9982923074120305
FALSE,1,0.5665415327879718,0.7005512086957703,-0.6610491403631643,-0.11798849484349094
FALSE,1,0.9055707451043274,0.5838643759882627,0.8266272554480981,0.0026441060717019575
FALSE,1,0.045181542288265535,-1.6734135625689015,0.6997533369363632,-0.8306406887605711
TRUE,1,-0.7736333128923917,-0.016184502003084893,0.1381674842642824,0.08589751007970016
TRUE,1,-0.9714818765654968,0.9788193086499434,-0.2532942141752838,0.27349929209860785
TRUE,1,-0.14779483133641186,-0.5197611064042676,-1.0602037797472854,0.0078582415480414
FALSE,1,0.48112899746474364,1.2639993922680386,2.5046506727567244,1.0303278073965392
TRUE,1,0.06313521340171983,-0.2727776154370551,-1.2635959335920344,0.22829427700997948
FALSE,1,-0.24855670877415253,-2.102683869659906,-0.31698523752137775,-0.9104833868751033
TRUE,1,0.7868645495281781,0.3663129457755758,-0.6939319407548592,2.0607168418690676
FALSE,1,0.8728100874561239,-1.1044570137585814,1.3339092748397687,0.06111546426681854
FALSE,1,0.31138559172475744,0.16386278961957745,0.7977407491115873,0.10319082417148703
FALSE,1,-1.4137643689985087,-2.436952464130128,-1.3876488492188195,1.5541231140585285
TRUE,1,1.8390554811464574,-0.3024808152940933,-0.060833820101731995,0.6875060261016258
FALSE,1,-0.9203868796476817,-0.5290587800799327,0.9981478259839374,-0.19672759722299663
FALSE,1,-1.537859085205932,-0.72676035186003,0.5216416460715939,-0.36021143453687826
FALSE,1,-0.10601567006491523,0.6189273014374571,1.024167354732164,-0.4059280826113923
FALSE,1,1.462963504102241,-1.2798327738113369,-0.19886131748477595,-0.7301973423392792
FALSE,1,-1.2783289698771327,-0.3690105678112119,-0.09194385302747822,-1.9335299834707658
TRUE,1,-0.4625750831485463,-0.26559621348861034,2.1279264049374165,-0.3916856212857603
FALSE,1,-1.3960820312691378,-0.19125743332139375,-0.6612672451233551,-0.08046707064652298
TRUE,1,-0.6170481572495146,0.7806358889326006,0.0010589575447164028,-0.3903212475682018
FALSE,1,-1.4975883055124872,-0.39662241575065627,-0.7551446479391551,0.10031109377274186
FALSE,1,-0.2563333714317138,0.693714329642952,-0.23935722155028405,-0.7513472746159039
TRUE,1,-0.16629964116792542,-0.3687070644165399,1.38476018789262,-0.04103565854968292
TRUE,1,1.5094358213312655,1.238731051652059,0.307155255396324,-0.5523027567117093
FALSE,1,0.6274287018379121,0.17832138210513251,0.9461688509441711,-0.7348693678251355
TRUE,1,-1.1008899625333255,0.7577117512223083,0.7529150588970419,0.8870765872618006
FALSE,1,0.07916398780432822,-0.8447547381755952,1.3308345264411123,0.5469554466303048
FALSE,1,-1.4702247277643017,-2.046667937286637,1.17758830037089,0.8856383740771211
FALSE,1,0.28320053327422945,-0.42952705083282355,-0.5823110544003977,0.001094306199379077
FALSE,1,1.1802382799396958,-0.1207035100583915,0.11508970674733891,-2.9325319743905656
FALSE,1,1.894016912028478,-2.2270634506548928,-0.7807082692302545,-0.9045278537373215
TRUE,1,0.3924686018950702,-1.4318211064987865,-0.6109180085162216,2.3724519632382175
FALSE,1,-1.9820542050190966,-2.0426682378888734,-1.8241651274589477,-1.4453427040275963
FALSE,1,-0.25606812535381657,0.4436053843103755,0.8054923882463121,-0.5236316671233819
TRUE,1,1.0544096030159218,-0.6667547725555504,-1.931881129387452,2.4430447053808777
FALSE,1,-1.2993495622931202,-0.14190687522550985,0.2050941827206173,0.5513367975484919
TRUE,1,0.26395200455678436,0.986462477527227,-0.00732625318284746,-0.7792161974084878
TRUE,1,1.3712585200526783,1.3675336578845043,-0.5878898560759127,1.2244730847271847
TRUE,1,-0.48561071476501255,-0.4447747414531127,0.756598612187048,1.1818344971685466
FALSE,1,-1.1066021212575758,-2.5640114777683443,0.9576831084414946,-1.0026354181490982
FALSE,1,-1.1162927375981715,-0.3598683868711208,-0.7627817637228684,0.012320007724565967
TRUE,1,0.17410013300835403,1.4498259483297353,0.1596291944263836,-0.25119131704178477
TRUE,1,-0.8816612419539017,0.50203361955939,-0.8476407719244077,-0.870632183650389
TRUE,1,0.9254830918733115,-0.6319942613410131,-0.6807481792045635,0.43759277122636864
TRUE,1,0.764803215976882,1.4130691421159973,-0.3576435699560955,0.29847865802931717
FALSE,1,-0.6733853392838821,0.6912618031622858,0.2698797237472415,1.2930736387439594
FALSE,1,-1.0642019649374874,0.5364267917495489,-0.3676042092502099,1.0944283295221517
TRUE,1,-0.4199892614918535,-1.1628066578110452,-0.0024290569139693097,0.9482814309993102
FALSE,1,1.8366315286445438,0.47412994626894633,-0.3062030961343191,-0.4707797372046841
FALSE,1,-2.141305397410206,-0.38136480321463145,1.6682524311635236,-0.8912723361798502
TRUE,1,0.6496932005318842,0.04413858196001764,-0.105277870418319,3.295873416965349
FALSE,1,0.4215434773440372,-0.44318952826294816,-1.2830380024858703,1.7452495050820769
TRUE,1,1.2250526213438344,1.8016521724037755,1.3599509793749838,0.07056827083376555
FALSE,1,-0.922479107995207,0.16815869494776337,-0.7099264376212676,0.7381018371876782
TRUE,1,1.0098858013090215,0.08946843267184044,-0.45317538696667226,-0.5516981564887723
TRUE,1,-1.4587492651862812,-0.6328212182153348,-1.2348003752878245,-1.618461195254372
FALSE,1,-1.8267265762505553,0.23923780613351922,-0.6654417332829485,-1.283730651269647
TRUE,1,1.380598269390957,-0.08243884421050961,-0.6999077745392259,0.8066130590819506
FALSE,1,-0.18973628703772644,-1.1685326426442162,-0.2055797811150779,0.6812076160967855
TRUE,1,1.1706829471146896,-0.23526522839759445,-2.09712561372495,-1.4288751714370684
TRUE,1,-1.2283496313186868,0.9123918954377636,0.5567876992176476,0.5843818873692285
TRUE,1,-1.1856989822827084,1.946800325119068,1.5721159201797064,-1.855077682786894
FALSE,1,-1.916908428890344,-0.6107527544663057,-0.7740119728486968,-1.5168664262899605
TRUE,1,-0.450919571146127,0.2753358889256341,0.2652792599768668,-1.1608994701462731
FALSE,1,-0.08168759434792722,-0.43708544764263474,-0.34209438007123555,0.8620161161335778
FALSE,1,-0.47786437868147813,-0.3737789259989987,1.3263596432090523,-0.5979678349759825
TRUE,1,0.8195984877383435,1.3359955108198014,0.40521254653147243,0.183797850100245
TRUE,1,-0.925031437120257,0.5070386032785255,-1.0987954007311032,-2.379346853173792
FALSE,1,-1.1518351238819466,-0.05419664986809999,-0.8475107933714614,0.046048684064682203
FALSE,1,-0.8572615090458626,1.0473200425644358,-0.5952357681113734,1.1276628845493248
FALSE,1,0.36204649711698866,-1.3985290655208025,-1.1021583570486149,0.5285156343362271
FALSE,1,-2.1234989612086466,-0.5692342704058063,0.5379017626819249,-0.528703625246093
TRUE,1,-1.2633766243716473,0.6250009202325196,-0.9150546980561648,1.7105201804973746
TRUE,1,-0.04948301567460067,0.7541772480417882,-0.8963202597604766,-0.1490352035530058
TRUE,1,-0.541167005530255,-0.2744765756234125,-0.7195305964211053,0.2830131487526527
FALSE,1,0.5080386246301588,-0.9261719786709617,0.2991136476426439,0.2671809745938515
TRUE,1,1.1562429415858761,1.0322951138642202,0.47743824593610373,-1.205921217954003
TRUE,1,0.652661237339115,-0.3408032058138097,0.22106879659025874,2.055644147524918
FALSE,1,-0.846233174464163,-0.6689169611035279,-1.0029757924375737,-0.6892471914403868
TRUE,1,1.3281536449415352,-0.2736563705530157,0.5749235235346483,0.10534018749597625
TRUE,1,1.6512043669565957,1.8518530496512786,-1.0711413139586645,0.6292362285744713
FALSE,1,0.26199574680800236,0.7620370781743409,1.6940686124059772,-0.6590150172425013
TRUE,1,-0.709778052409205,0.7587814460152857,1.3382640689988845,0.3532183299426612
FALSE,1,0.9881857055628578,0.5424133285213975,0.24761783132643134,-1.236316056290981
FALSE,1,-0.42170061848267365,0.13311133510473808,1.6076102337244131,0.32408091336983263
TRUE,1,0.027307735629015745,0.2664095302348364,-1.093241490758328,1.0793604782096642
FALSE,1,-0.017722246301243437,0.5803213095333281,-0.7173791446237487,1.5042875976378571
FALSE,1,0.5965669737681218,1.218404310669304,0.19370594689359552,0.4783617576562726
FALSE,1,-1.3417500310876243,-0.27805857195609646,2.57842314527236,-0.9954823357017516
FALSE,1,0.2586680361247942,-1.7703639576556736,-0.1896345144330441,0.7491071118418213
FALSE,1,-1.308744671610979,-1.0311064456109496,-1.3409558415117857,0.10936878333402789
FALSE,1,0.7075845189927835,-0.313376864188872,1.6369295095845933,-1.0915462997419365
FALSE,1,-0.9917102141379563,-0.4444389015085241,1.4508029390016184,-0.2070506477878239
TRUE,1,-1.6673880035467263,0.9110650492921251,1.1455136010381477,-1.4047798350536753
FALSE,1,0.5359765139261741,-2.584497841285088,0.024474789048564684,-1.7529972255220219
FALSE,1,-0.7064127036046003,-1.1485953278891325,-0.4789185628907601,-0.3300648194280837
TRUE,1,1.5981317964593007,-0.5008751902994649,-0.41494673077566807,1.9962393193116645
FALSE,1,1.6608967264496541,-1.512763373836796,-0.2850324987492559,0.14624587012126788
TRUE,1,-1.1487749016808002,0.6285686368946475,0.20331430870071324,1.594582639191817
TRUE,1,-0.7130951981550546,-0.5973581986156099,-0.18069470338476967,-1.406710393224848
FALSE,1,0.30941432315593714,-0.1319044347480848,0.6364432765136366,-0.14917230075774995
TRUE,1,1.2180194946984566,-0.1917828261907812,0.5118469426601054,-0.23872133744631016
FALSE,1,0.01858070255909855,0.36393369704200496,0.3543940086168607,-0.5543332241218712
TRUE,1,0.9658262483173814,1.0566820274424598,0.17555527472426413,-0.2027167457026595
FALSE,1,-0.5415295262536359,0.0028660846773532695,-0.813111366545269,0.04397822628896534
FALSE,1,1.21330675200478,-1.4056142249786499,0.3035848744023721,-1.1112192826958118
FALSE,1,2.0130547388047493,-0.847308190446025,-0.7853986547028249,1.3598658522868565
TRUE,1,0.593787144284564,0.3051040597219165,1.628177173320253,-1.0655999803757283
TRUE,1,1.3307807876303668,-0.6654627385043902,-0.35315284270434205,-0.7101539404661356
TRUE,1,1.335893597784565,0.6276050251679752,-2.027662721618144,0.12241323122723621
FALSE,1,0.36453042018783094,-1.007089878287937,-0.08771805343492571,0.2181901982887102
TRUE,1,-1.3799731097590924,0.5521097168847013,0.10456352773811281,0.1321804207858059
FALSE,1,-0.5302786861425057,0.530311398099242,0.00548077444018357,0.43105777707097165
TRUE,1,0.466628566498018,0.08830365840093475,-0.296215807199179,0.7517697783136693
TRUE,1,-1.075796581057652,0.17627424701169347,-1.176496931357317,1.148279168616106
FALSE,1,2.095306837176681,-0.7884006839362998,-0.514977734767357,-0.05966988117897747
TRUE,1,-0.8596887195759831,1.2981574543038157,-1.5472140657328433,0.8287434628643054
FALSE,1,-1.3948952664644818,-0.3713611298596525,-2.3126251380446803,-0.6654594416108128
TRUE,1,-0.30184207784389233,1.062237103927544,-1.6173491042890424,-0.37160666598283715
TRUE,1,0.15103602229414587,1.3914110988928277,-0.37822368491488273,-0.9419088543895217
TRUE,1,-0.6646120076813368,0.8633124660521725,0.501235845687487,-0.5709154507472302
FALSE,1,0.06310383870105654,-1.6419708570178935,-1.1050405173380327,0.9032124978558624
TRUE,1,1.2448233970651816,2.069789596440701,0.9049188411387925,-2.784950943059721
FALSE,1,1.5981209359723916,-0.4927078446322384,1.7515805054183022,-0.2553530531877134
FALSE,1,-0.5066178447906967,0.6133760740220029,1.2800124306533407,0.12892659731558953
TRUE,1,-0.21183484990240808,-0.1978644038293741,-1.3401526433447035,-1.0638098924409791
TRUE,1,0.6812106069427156,-1.2611191341651875,-0.66902012452376,0.6428059204070158
TRUE,1,-0.07143305399308017,-0.8355137054683477,-1.4818799156084772,0.18410311030777074
FALSE,1,-1.0376814996817576,-0.8143544497544076,1.7257287689075897,0.4486029262113485
FALSE,1,0.18614216707245873,1.8771493278709348,-0.662987736003452,-0.40909803329316047
TRUE,1,0.3440269496776684,0.05209329514966751,-0.1787632843150607,-0.20707011021396818
TRUE,1,-0.09851021427495314,0.5659994348500397,-0.4547232718539427,-0.8708678505675802
FALSE,1,0.8017524637809612,-0.4104175306783029,0.9266622707397716,0.2821204009088088
FALSE,1,-0.14242635620751415,-1.2686083716091525,0.7181579749771358,0.5763723822811839
FALSE,1,-1.314043029899819,1.6646101687489823,1.6018988304393182,-1.560266200597239
TRUE,1,0.7498116282428818,3.3348669772066124,-0.9597557926394051,0.20433721093278126
FALSE,1,1.25075355190656,-2.6915629167078507,-1.139123108008678,0.0993677878676912
FALSE,1,-0.8300850058874961,-1.218093955534215,0.9737881794514877,0.25584375294575934
TRUE,1,0.7356211993962616,-0.17597542028239369,-1.2592960667385875,-0.3235259927358429
FALSE,1,1.0911885929037255,0.6387263919567268,-1.91996467929445,-1.0042888531475307
TRUE,1,0.3742999244160241,-0.30869740804854096,-2.3901211238723024,2.025177700892005
FALSE,1,-0.5671838169892247,-1.5872400765318586,-0.45910427864495384,0.8214786152220978
TRUE,1,1.659228370287197,0.3160414403499475,-1.2885082420433778,1.003396989261977
TRUE,1,-0.2215259586744644,0.6553131115070424,0.3916428137454431,-0.4864130312673244
TRUE,1,-0.5362080000948988,-0.9052107455654781,0.36155419099580266,1.033843675207399
FALSE,1,-0.5657447813574187,0.007661455698215234,-1.07292571949114,3.023177253698004
TRUE,1,-1.8704682618451034,-0.12959068112549407,-0.15380877975152368,0.2737923009938515
FALSE,1,-1.0486678592841403,-1.40247783690484,1.6189341290758459,0.16987357909312992
TRUE,1,-0.0606512114349121,-0.2831431994234991,-0.41361459962297686,1.2379364780147708
FALSE,1,-0.8943582489389312,-1.1304065561666787,1.4407575385028186,-0.671212799474151
FALSE,1,-0.004019641299989152,-0.148494479730385,0.6363923695043708,-0.9544890992290915
TRUE,1,-0.6995631520225746,0.9118763523033567,0.6730350373320971,-2.300142319088346
FALSE,1,0.15195242372199103,-2.6403392293939514,2.0257828665554602,-0.29284637942158454
FALSE,1,-1.2899513674265874,-0.7827532327014346,1.1020481255437131,0.1512974618926839
TRUE,1,-0.9282524086877942,2.1587527016475403,-0.8286144727366732,-0.7330862699845128
TRUE,1,1.0332900842885704,-0.6415076303419834,0.8517118344408523,0.5488341408390915
FALSE,1,-1.502982675701355,0.9734230956928148,0.4526006982415503,-0.1998805947630245
TRUE,1,-0.8159069772257317,1.1785437117560351,0.08424041530217075,0.9702652816117264
TRUE,1,-0.7666808726011769,-0.9707990718323672,-2.0395028369715456,0.37056218302211136
FALSE,1,0.8859871649698434,-1.1256924776915882,-1.4986916125995102,-0.8347678274562736
TRUE,1,-0.10525614912924887,0.8776531905820321,0.3670435096909102,1.0867679169638602
TRUE,1,-0.663593880389462,1.050891231566737,0.585992470023404,-1.1931033918573875
TRUE,1,0.7176566037704525,0.5253145218172228,1.7851529629744827,-1.0015232218309444
FALSE,1,1.274903749736376,-0.3779466982432409,1.4209404248519613,-0.003174536197785191
FALSE,1,-1.1471011075604258,0.49804607850894417,0.3619594507757342,0.16245065550259294
TRUE,1,2.1596279890055703,0.04646717576983007,2.0299657884699474,-1.6281082315996322
TRUE,1,0.5076931298409969,-1.2168922863503635,1.398666782574453,1.5644023790606039
FALSE,1,-1.1022635488976498,-1.0760646904462474,0.6864331737335669,-0.05076292810797758
FALSE,1,0.27715867538192546,-1.9103808887554494,1.1304922834717546,0.847126936226873
FALSE,1,0.6083535537315969,-0.7978701325597749,-1.0537148387249047,-0.44727995430055983
FALSE,1,-1.6271346942816012,-0.052132781456818315,-1.2474886872589186,0.2618415116409289
FALSE,1,0.2981525474276463,-1.1757358527471369,2.6176147080927774,0.16591731314376051
FALSE,1,-0.14881466553906184,-0.18719702762026963,1.4414122541750107,-1.9287807161833974
FALSE,1,-1.2384511740871587,0.2128833537407204,-0.6484193573015568,0.061766790117679944
FALSE,1,0.9782643731646192,-0.2929057235593937,2.2037454299507377,1.7137905239983806
TRUE,1,-2.255302962272509,-0.20147660437620243,-0.592567092601007,1.095032866612926
TRUE,1,0.8102941043193838,1.3717836396870366,-1.269171401974466,-2.1588801581448056
FALSE,1,0.6862364392936006,-1.4020700084961775,-0.3832334086441579,1.4998123504096081
FALSE,1,1.2232174667895148,-1.7175619006179292,1.000511466932535,0.7898839402299207
FALSE,1,-0.32485100080528573,-1.7766608910582264,-1.0974813730022468,-0.9088850950935642
FALSE,1,0.36946826537300737,-0.6581888041512491,-1.1039008932804852,-2.513878442543125
FALSE,1,0.9608828406969955,-1.2733135612677542,0.5812245060120326,-1.2783503340574451
TRUE,1,0.32611303898321664,0.6370212917139695,0.48286676695367003,0.22711791491264552
FALSE,1,-1.454076928720298,0.16353728622796407,-1.53466458963973,0.3569752042168186
TRUE,1,-0.4670041349888968,0.45722364565775264,-1.9545090552616884,-2.1685925449046306
TRUE,1,2.0591169678572427,1.4960605593626344,1.4367760398673168,1.1382058703107663
FALSE,1,-0.16723138091021897,-0.7770994950748004,-0.748841696317257,0.7671881336812366
FALSE,1,0.3751987332677129,-1.4261417544009793,-0.14560318396223973,0.8311840164053877
FALSE,1,-1.3279578162240724,-0.1395248218212161,0.28876954240320607,-0.8536772542817895
TRUE,1,1.8998587036370924,1.395989000217932,0.9794085528820172,1.2532910443574008
FALSE,1,-1.0029592408726784,-0.6438591273891044,0.7273341551697535,0.5838539097176216
FALSE,1,0.5137213524722021,-0.3897779006053982,-2.0942628791281988,-0.5424884167747885
FALSE,1,-0.43411650450494016,0.12601064998629763,-0.006295700425279153,0.6340935965842603
TRUE,1,-0.6182522355100893,0.08381997195993705,-0.7806472291561602,-1.0765196474586758
FALSE,1,-1.2419712129326523,-1.6405164217563575,0.327736540204105,0.5612997095878366
TRUE,1,1.1597731554464896,1.2624049737864178,-0.6365206337706656,0.1296989550346231
FALSE,1,0.4118114652113404,-1.1676962808171794,0.7855398638119407,0.2148910722795797
FALSE,1,-0.20875145158415317,-1.5263761932591446,1.758983827646847,0.21383074305161237
FALSE,1,1.0228389572301326,-1.8702700754087263,0.5648986856963201,-0.7367473816350376
TRUE,1,-0.09372797280644117,-0.6533571629630476,1.3363763013120902,-0.5429621607614535
TRUE,1,1.6177983937721405,-0.27745079435783526,0.47086103767956283,0.07992752499902754
FALSE,1,2.295664970874765,-0.9021707212821691,1.2710542731432737,-0.909293817172652
FALSE,1,1.8547376269393172,-2.2045304353802684,-0.23854719268473037,-1.0490364529621312
FALSE,1,0.6779840892299264,0.5573054996684197,1.6399551314662124,-3.1299932764613545
TRUE,1,-0.24445193984404634,1.1174571686746315,1.546893551445617,-0.5553489512172487
FALSE,1,-0.4585899623895912,-0.22712126011410455,-0.03901829096765033,1.5067015793981868
TRUE,1,1.0077932918030235,0.6010030391005969,0.8916411407405819,-1.1082421619723781
TRUE,1,2.081722561310314,0.14667477461133166,-0.901529180259647,-1.1543146743988284
TRUE,1,1.1372179137218648,-0.08474143234904441,0.047429714976064144,1.3383747081020603
TRUE,1,1.9835134785167157,0.16992449291566297,0.967447663715525,0.6347289998093442
TRUE,1,0.9474634486109886,0.7492181269101954,1.0862546502755717,0.07196241693211258
TRUE,1,-0.8753198564691475,2.0105017997545223,-0.9602662531091128,-1.0972830876712056
TRUE,1,-0.27298434900969965,-0.12937522838345794,-0.31468829775426066,-1.2844297458595768
TRUE,1,-1.5343806838803657,0.9672538458149067,1.59650555427514,-0.5748890360633483
TRUE,1,1.031510283457293,-0.8303945802844086,-0.16901695911628312,-1.008480319908512
TRUE,1,-0.2558430051290801,2.1003286073470986,-1.0180772683603094,0.6277790759140962
FALSE,1,0.9158489742913396,-1.2667712059834766,-0.7242612915662238,1.401170366556106
TRUE,1,0.25732975164584193,-0.20833547736641694,0.8446432021582855,0.3263961024301911
TRUE,1,-0.08386346839982788,0.39783082570599126,-0.9608975323564222,0.41617218833508585
FALSE,1,-0.8615941331371493,-0.44205274925890803,0.632491355826887,-0.4079672848206582
TRUE,1,0.03365804765705214,0.6274626855124384,-1.5314509028008738,0.5741216993369448
TRUE,1,-0.8950764352534913,1.566888861123735,-0.854748755199329,-0.3490540376664415
TRUE,1,0.4286732240052215,0.3116951155014815,-1.0982720941578201,0.6054530338405062
FALSE,1,-1.2703457738384953,1.8084498579722597,0.5691549169772703,-0.16917713828816253
FALSE,1,1.207185980522511,2.2441988569548346,0.2656215989884355,-0.9933579482441828
FALSE,1,-1.445289503819043,-0.10620380729062151,-0.15718978932969965,0.8594897908470098
FALSE,1,-1.516007498934896,-0.10853383187740026,0.5261484296024453,-0.4483781360455754
FALSE,1,-1.6387344659651462,-0.7815020291558911,2.468053232407014,0.9663213461781128
TRUE,1,1.2751755799765965,-0.04468665883344322,1.1826566455375553,0.5773502027936878
FALSE,1,-2.211767144090644,1.1472587861003258,-0.2496234434532444,-1.2356888132175248
FALSE,1,-1.7293633027132551,-0.6345883619838122,-1.5352103633021947,-0.7556506190164597
FALSE,1,-0.6046244740029323,1.6016681436773008,-0.464601750953332,0.5032139889605647
TRUE,1,-1.3873759791279956,-0.3408639847068218,0.58340398143174,-0.1649459674786335
FALSE,1,-0.546854527564086,1.6376171295904214,-0.29296838290372096,0.8108106606204317
FALSE,1,-2.1346802162045764,-0.5817857393909447,0.5210967034891144,2.364250438268276
FALSE,1,-0.3106366330165252,-0.9298637985864586,-0.18484792857512242,-0.4539395016768881
TRUE,1,-1.2065091185190644,0.5222416730041528,0.0027228592498447363,0.36222085050549957
TRUE,1,2.319839603905837,1.3725363836993567,0.6721130288917527,0.783237969712392
TRUE,1,0.5522249701268379,-0.42562329902572177,-0.484505026692384,2.2340319701873987
FALSE,1,-0.1063664866382502,-0.8778925889017131,0.1415735012391431,-0.673037902117778
FALSE,1,-1.0424369643611247,0.4009531039315488,0.9641072988278034,0.2908668278347357
TRUE,1,0.1728610193229934,0.9652768012754305,-0.2972344043586145,-0.37964184667836776
FALSE,1,1.0238741692691717,1.063347124306347,1.689985684372935,1.92106999802497
TRUE,1,-0.7614464419341769,0.3314201750158779,-1.0640787801069778,-1.4869923549799684
FALSE,1,1.086932606265348,0.5557103503453715,-0.2641802858223023,1.0091387496492084
FALSE,1,-0.8216468983642939,-0.9792274644565893,-0.9049137425437853,-0.3211888409564116
FALSE,1,-1.029662950783597,-1.381859406160638,0.4620028037311831,-0.49914514097069956
TRUE,1,-0.6584741022457761,-0.2413474056256437,-0.9526140459893796,-0.15497321839783806
FALSE,1,-1.1513703043667465,0.5208986867072519,0.08948720297662481,-0.7117171263129561
FALSE,1,0.4536130329544894,-0.5242038009707706,0.48748152093986263,-0.2676493616168781
TRUE,1,-0.11184507539294725,-0.23389130443288325,-1.4725232306336804,-0.7239002234517012
TRUE,1,1.581163974018621,0.38979443343487097,-0.2727902271640962,1.5272040775998699
FALSE,1,0.11478602564005379,-0.8085269319298073,1.0292338311295732,2.0247781476051885
FALSE,1,0.9884931313531149,-1.3328019946609393,0.7683402499464037,-0.77517098206742
TRUE,1,-1.0010266859383739,1.9245319384813997,-0.1474507154590373,0.21184458908605855
FALSE,1,0.9140503609738876,-0.18919455199852134,-0.007311897090735003,0.08699134969475551
FALSE,1,-0.16928027088783273,0.761424792061171,0.950118025279173,0.35657456901682816
TRUE,1,0.020314847143694647,-0.6465548461877012,-0.33722943327430427,-1.3323167113022414
TRUE,1,0.03326920742868525,0.08218690474382437,-1.5968014548516476,0.25610502055301826
TRUE,1,1.5896665558873084,0.8115174815169868,-0.21522945530223211,1.0329940358468512
TRUE,1,0.16398549744955437,-1.495467139985112,-0.8067922583451512,1.6185926259003987
FALSE,1,-0.6480622168763446,-0.22455605498466066,-0.3894057867460124,0.8125013295771202
TRUE,1,0.10726615934609238,0.8800910327160183,-0.3186936352482206,-1.3732327019438304
FALSE,1,-0.4262135359000992,0.1488308863921659,-0.02385718884027002,0.47939410078808664
FALSE,1,-0.2678294152247128,0.27484787381526177,-1.429295462297501,1.6858793827342369
TRUE,1,-0.35202753510123713,-0.5166333017729645,-0.660238369706167,1.2563791854224968
TRUE,1,-0.3524778514839637,0.08647234358923712,-0.5542157262693133,-0.20951258327748662
TRUE,1,0.31696108826871927,-1.2163986536748408,0.4124921037390967,0.3589926084072604
TRUE,1,-0.6416403318549798,0.8007805615337521,0.9498947811632241,-0.2711073456344643
TRUE,1,0.8703064717803363,0.5286381265795396,-0.09768947840494638,-0.26195569384827416
TRUE,1,2.1086459065087726,1.8308965322609128,0.02029274685429066,-0.8152248762070143
FALSE,1,0.40267802697657734,-0.6358891802469533,-0.4502837363687455,-0.48014087115573467
TRUE,1,0.11216576426390941,0.12947925309861927,0.3625851452507818,-0.981306441077608
FALSE,1,-1.0277176444733969,-0.5802180613875532,-0.07957008243235701,0.7814588945821109
FALSE,1,-0.8842802397686818,-0.8592843960362073,1.3838059021054656,-0.17362854538918643
TRUE,1,-0.3354378199852611,-0.8383349452728339,-1.1121957789773227,0.396433669119412
FALSE,1,-0.3207203150315287,0.3253249556101275,0.9841186243579615,1.483360656874617
TRUE,1,1.6634033254390364,-0.5199029546774859,1.0391497818837334,0.11049088629883862
FALSE,1,-0.34974373358944505,-1.9546254828798564,-0.5773781099692199,1.3292845640987279
FALSE,1,-0.13445442971549879,-0.16020076821707546,-0.5012190531892038,0.8752024588662122
TRUE,1,0.69117606289356,-1.1576059093635507,0.3189284924449936,-0.1765780497918617
TRUE,1,0.3713010168847329,2.3304984694862836,-0.6485962261466087,-0.5474787950924476
FALSE,1,0.5540923222899924,-0.46188992525739114,-0.32696207015123585,-0.4148125395733751
FALSE,1,0.6676115288823521,-1.4751489495976018,1.814337793702382,0.38715274628268376
FALSE,1,0.07812526793179231,-1.9146571324829729,-1.5282902090671107,1.27555098682061
FALSE,1,-0.22641848774700774,-0.47051863334395627,1.3822018226311656,-1.8066251327183322
TRUE,1,-0.026798452039086092,0.0877510629816472,-0.2994485694877844,0.9899127950931
TRUE,1,2.2251053296397463,0.5725768118916074,0.5930277523801377,-0.8274691570807724
TRUE,1,-1.1575606898278963,0.8361997070191921,1.342089265751724,-0.7915196803896135
TRUE,1,0.23926464606941666,0.037021173747926794,1.1126754727202577,-0.46912460752629054
FALSE,1,2.474457355303344,-1.1670201044359283,1.6418818189655038,-1.3670982547141777
TRUE,1,0.8695479018200015,0.4311408695177944,0.2791912591860487,-0.8698565539106066
TRUE,1,0.07614020392348779,-0.1430039006441689,-0.7140455191815135,1.677252344292663
FALSE,1,0.3039441878998946,-1.9255109881698709,0.4406871483415268,1.0406181897301114
TRUE,1,0.36909454107451223,0.7040937089464949,-0.283687724974278,-1.3126705446829525
FALSE,1,-1.5954906780701048,0.9538702981451815,0.703622566955818,0.30929311751613436
TRUE,1,0.4860128745644464,0.7624767087970917,-0.768085242079771,-0.15751945439803564
FALSE,1,0.14633190155951237,-2.3588714100598467,1.7246635354991404,-2.129957992677604
TRUE,1,1.1123114006808095,0.980599820748361,-1.0981813764720618,-1.0624966322942087
TRUE,1,0.2409596525018316,-0.011382357246386638,0.7517580602346315,1.0015069973718707
FALSE,1,1.0423711347599722,-1.0008386016049011,0.555806872117787,0.28595109310197014
FALSE,1,-1.209731579584202,-1.344518542585488,1.2694858749350293,0.6819700850568114
TRUE,1,0.5573063231338806,1.181218035169762,0.46966230682856785,-0.5916320266777563
FALSE,1,0.12115029372352026,-2.5737735996465236,-1.3640904917932182,-0.7596025545204493
TRUE,1,0.6526872347961101,-0.06085564823771265,1.2846325758107324,2.3914840344814396
FALSE,1,-0.19563105977928497,-0.4504669486418032,-0.6021198266632106,1.3816499189387588
TRUE,1,-0.8060659995339579,0.7609453483715836,-1.5174238302829,1.1423154540885123
TRUE,1,-0.6286459540587176,1.0015244916788113,-0.49011723386805434,0.0691260553366807
TRUE,1,-0.5822113183414799,0.19943372412366425,1.7241250515548752,-0.6351200316563917
FALSE,1,-0.3171324411017169,-0.1880490295006855,-1.0258452445314004,2.106149296334662
FALSE,1,0.26881352406255676,0.2515084315364245,1.6919898846821995,0.39359896125438315
TRUE,1,-1.3883822715105232,0.843945024268486,0.5314983112452486,-0.5417254010409561
TRUE,1,0.8988423757127417,1.09619970426303,-0.291186592105262,0.21283115446881226
FALSE,1,1.3867820937544806,-0.3466299802292879,0.7910596440603594,0.9067536762247322
FALSE,1,-0.5170996819596037,-1.8303370478226986,-0.1311741690755183,-1.0620375701411129
FALSE,1,-0.3161272412143594,0.8199072286566856,0.6151589402587286,1.1911819378289683
FALSE,1,-0.4616961484099592,-0.5406726169159516,-0.19098550719860022,0.1753326400783769
FALSE,1,0.5734584596630539,-0.27768129365435584,-0.418965070571255,-1.3066237442307116
TRUE,1,-0.341095989395565,-0.7563087224499417,-0.33439107470500656,-0.248115558848643
TRUE,1,2.065731047177577,0.18236390349324647,-0.16673380677567468,-0.08802035338689056
FALSE,1,1.1264176758893332,-2.309347465171066,-0.3363491207514069,-1.311415181668909
FALSE,1,-0.35416972564930754,0.6721487441896885,-2.0662129310135255,0.17846680244133115
TRUE,1,0.030642300076528108,-0.22056339087418425,-0.6851375984375457,0.8551385924112364
TRUE,1,0.6996199715213693,1.1121534328394052,-0.24187360291721802,-0.1936416169007584
TRUE,1,-0.6287823114540199,-1.316102932735745,-1.19764676844896,-0.8389236015543667
TRUE,1,-0.27586196139410873,1.2030484502101706,0.44806630385476626,-0.3554033910717063
FALSE,1,-1.6569108716018048,-0.5000256949992454,1.0858376425720602,0.5917939446273995
FALSE,1,0.49434583489568606,0.9962817258833462,0.21025836223310124,-0.7951780775560592
TRUE,1,0.818343505906781,-0.6979750933790934,-0.18698059657059415,0.5440922039306906
TRUE,1,1.3619599670218963,0.6304799433910478,1.1413332458928422,-1.359224741037883
FALSE,1,-1.7555727093610844,9.743360988217804e-4,1.1844390503478928,0.7425810714402664
TRUE,1,-1.0102152566475333,0.4350778657399187,-0.31996277394415507,-0.23795807015024517
FALSE,1,-1.117732155427133,-0.4376096339332787,0.7278130486659546,-1.0492802528758463
TRUE,1,-0.5661246265905824,0.3957580259238707,1.8859910128771962,1.2464352708549662
TRUE,1,1.3658893507540373,-0.3626852073755947,-1.084180930109905,0.02176270922526218
FALSE,1,-1.7846627938671917,-1.3388108616838483,-0.9457562610717876,2.5750090560447476
FALSE,1,0.35016505565205297,-0.18099448297483414,0.16329933346684278,1.084728271548224
FALSE,1,0.32780353656518413,-0.3485302174578027,0.7160765485259923,-0.3455878326796076
FALSE,1,1.0014426027297791,-0.39906441641136686,-0.029542401908115506,-0.8574795851789914
TRUE,1,2.4722488436948757,-2.188277285722882,-0.27419084941013483,-0.8408038801605515
FALSE,1,-1.4332059585715995,-0.8056166936752974,0.5110651401975982,0.5727285181899257
TRUE,1,1.059222865999398,1.257283815070379,-0.2087560527576492,-0.6231206833369689
FALSE,1,0.029140090024662457,-0.8771387821209854,1.0560494548089279,0.007045708068114305
TRUE,1,-0.4970164994715877,-0.29236192751971946,1.3333238518712212,-3.5609105888588037
FALSE,1,-0.9035213636811035,0.9181855999214279,0.8444400528490248,0.4502844433778641
FALSE,1,0.6087179447756311,-0.038399371833742944,1.4154585676287708,1.7199575354822758
FALSE,1,-0.6439570159751217,-0.8284559608009242,0.13436047056931907,-0.3646067593131799
FALSE,1,-0.5479369517199334,0.3971916983766404,0.4125798931622809,-0.22392523965548
TRUE,1,-1.4179949736630773,0.6864955546869984,-1.4279067953452167,0.32752454014906945
TRUE,1,1.7317316734526347,0.8915951831343826,-0.48303368488132276,-0.5619047899989785
TRUE,1,1.0548334554572572,-0.9815543657580004,1.9158758353064345,1.3307339298646548
TRUE,1,0.6472893203672078,1.3176183592012427,-0.21183819148676092,1.4369242044912447
TRUE,1,0.4006140578868171,-0.7469171272705852,-1.2548524471660785,1.147112111753887
TRUE,1,-0.2681326612448128,-1.0622185430499713,-0.7439936161392384,0.08885924920652137
TRUE,1,0.7363075344818446,-0.08656960142736118,-0.701029878319861,0.4742834123702931
TRUE,1,1.2024776937214814,0.6263340840915604,-0.5960175850019306,1.4273236723859941
TRUE,1,1.3920648392228274,0.8643267294843192,-1.1127310038676657,1.6693634035517448
TRUE,1,0.3136336731068752,1.2711960159463567,-0.12255877652172863,1.1725537814823235
FALSE,1,-1.9550717085548492,2.364934487841037,-0.7397933858439001,-0.27610636642365344
TRUE,1,2.114022013446188,0.4627279642099012,-0.5429365863743231,1.755228360868592
FALSE,1,0.888679995360114,-0.7989673936769973,-0.7652094546227212,0.020738697107685222
TRUE,1,0.07040099034188448,1.003986480104363,-0.7545622219930349,-0.4513940113788616
TRUE,1,-0.0574114955079755,-0.3530847565196367,-0.7600237367341424,-0.3629300942420179
TRUE,1,1.5336427312551015,1.281719082727132,-0.8028502274650433,-0.1837043217965778
FALSE,1,0.5532392851554396,-0.7056575702858131,1.510247885358692,-0.6017464330571867
FALSE,1,-2.010051548985069,-0.4847421232255012,0.7535385149149411,-1.3618290826450512
FALSE,1,1.5750991870601476,0.5736591847915111,-0.1315199804626616,1.1600546315744653
TRUE,1,0.951224810098519,0.3382172904430279,-0.37537375710821874,-0.7165563640766498
FALSE,1,0.47594095935834047,1.125275512412122,-0.8494110250473653,0.13641918773509196
TRUE,1,0.6639429702348344,-0.37384129534572275,-0.3821922338282021,-0.6693374637851988
TRUE,1,1.1799476401672535,0.37867617435198686,-1.2809389621797354,-1.7977498232851015
TRUE,1,-0.5747574736071289,0.6713262988496935,-1.247722446759899,-0.5523027253668182
FALSE,1,0.3262824875261573,-1.5584993921765853,0.06255152195140029,0.6701926794900248
TRUE,1,-0.8446831531196584,0.6615315225752643,1.2927979731901582,-0.6925080826555395
TRUE,1,-0.9278059509745351,0.3652494580612461,-1.2197246243800335,0.38531449325682504
TRUE,1,1.4808363334167522,0.5681080020601953,2.180726154261108,-0.22181469735602155
TRUE,1,-0.4476936283637245,0.9001779564441492,-0.42823106219679596,-1.9652730347514065
FALSE,1,-0.6252703035993117,-0.6815033028406101,-0.12163560150437823,0.5821217685194657
FALSE,1,0.5694729960744532,-0.1255859130795771,1.2496695125548816,-0.1277960418923955
FALSE,1,0.14497763664632105,-2.052113185376736,0.42253856892618036,0.07719089213167951
TRUE,1,1.408319931271926,0.04926832787381057,-0.42719675413825003,0.25833064281995555
FALSE,1,-0.008635348567587645,-1.4638938127161383,1.0128533002797995,-1.2903372993923248
FALSE,1,0.8550847353455155,-1.1084900507923636,0.771644640098481,-1.0952512260859582
FALSE,1,0.8319451987710945,0.27038056758768614,0.8290321683615893,1.5986002974679872
TRUE,1,1.200769706129806,0.31429486225714676,-0.06825765943481205,0.15436017407868094
TRUE,1,1.08345463689902,1.527399601683973,0.13765469341114767,0.3073974608767169
FALSE,1,-1.0362436728620459,0.8338322029412589,2.8040630338574917,-1.2796736764293069
FALSE,1,0.015168862382077434,-0.6186117755031445,-1.2297303108385749,-1.685458970146103
FALSE,1,0.20367839872114896,-1.2077491062909946,0.6957406893281167,-0.03427327250673972
FALSE,1,-0.7283307575261927,-1.0444505714911754,-0.6333114346604753,0.3235793418236874
FALSE,1,0.4118680251820957,-0.31754226193742424,0.5619961198233862,-0.45173468323077687
FALSE,1,-0.9883478986077118,-1.4682829916990427,0.6040803290071202,-1.251904846810535
TRUE,1,-1.3623015143789377,0.7757860685884249,2.627299032358492,0.5480915080614651
TRUE,1,-0.4192287967842671,1.7270242650394894,-0.04996004175953984,0.6285101229616151
TRUE,1,-0.39987157092520387,0.022675454307922758,-0.3203978038382208,0.2444862823060054
TRUE,1,1.6821886824848546,0.5574451202625267,-0.3070869141805959,-0.9807897223677117
TRUE,1,0.20864743477283756,0.46634135386203335,-0.593618731636955,0.28816921381805516
TRUE,1,-0.9551379128870837,1.2828964642384497,0.15637825495363308,0.9912864719678359
TRUE,1,1.0418931762776038,0.4230730875456075,0.29795417777659283,0.9870463079516052
FALSE,1,1.0866240772431948,-0.4673273217701528,-1.2851211034721477,-0.5997756651404753
FALSE,1,0.6298702928715443,0.21430470229853518,-1.1308755020034105,-1.0313086160565912
TRUE,1,-0.554407242559028,0.023256246163030247,-0.9571846440326304,0.005634743282151944
TRUE,1,-0.17960700013147832,2.08915292348109,-2.2356036164719635,0.05048856536128745
TRUE,1,-0.6326509428176109,0.17607841107876038,-0.006073480055843533,-0.5090227057435024
TRUE,1,0.10640085408127008,0.32182696927925925,0.23316890213420088,-0.681918778163215
TRUE,1,0.819958547581994,0.5750033977855935,-1.6115471358341416,1.4927956522667507
FALSE,1,3.58755834645892,-2.0304006027785,1.2915599855665112,0.19587628237961005
TRUE,1,-0.6062475925085349,0.18287356054541862,2.043804421799354,0.19358794871120427
TRUE,1,-1.5048257245825776,0.16866242848314852,-0.12478241820272568,0.635272693486687
TRUE,1,0.39575494012501056,1.8086621176496191,-0.6255557366158122,0.8236272501388402
FALSE,1,-1.419182871221413,0.4077440046588686,0.8799376136348392,1.466199229835161
TRUE,1,-0.6889385826954415,0.9415475471071341,0.011433269960288475,-0.9534663486945166
TRUE,1,0.033401895034131185,-0.32737059644307287,0.28674271546725405,-0.6800644383766509
FALSE,1,-1.4111797391006857,-0.6060593840408535,0.712736543549445,-0.12140583194022239
TRUE,1,-0.8325796397319347,1.41514561129449,0.4772834344122397,-0.1611738466496475
TRUE,1,1.158117351484026,0.900621842250615,-0.7444959059805184,2.0762208483199838
TRUE,1,0.5009991241078721,1.8337265725406693,0.7073530236117054,-0.7065494909941351
FALSE,1,0.6544460820368493,-0.2458720200381872,0.5576721997597435,-0.2604186419635014
TRUE,1,-0.4588447272314646,0.8514986509883576,-1.7049555502325655,-0.29576554651791664
TRUE,1,0.1683859404084894,-0.20060496571327463,-0.44750487044047726,-2.088781728592426
TRUE,1,2.139649762018086,1.0568693307783303,-0.3761221968125544,0.164172270191122
TRUE,1,0.13510015734609995,-0.8061454874172662,0.33420782531297394,0.23409316809304814
FALSE,1,0.17096385414445975,-1.2291690747989708,2.3221006841481917,-1.1412169938260313
FALSE,1,-1.086002090830726,-1.800643765365859,0.4681410214886645,1.583897049245417
TRUE,1,-0.9657928232351497,0.36205087998835905,-0.9400624221782456,0.21294004232616853
TRUE,1,1.3376947767363248,-0.27242887783043457,-1.4033624775259461,-0.5091095893103041
FALSE,1,0.3297583376864226,-1.2251049844925308,1.2266853940199636,1.8963969131148821
FALSE,1,-1.3188952461571002,-0.548725722700398,0.04248593032218269,1.030002045031554
FALSE,1,0.890508318178827,1.1452053233043527,-0.11469706414838406,1.0414922530583322
FALSE,1,-1.377637700171558,-0.9241079104395511,-0.5867999290996814,-1.5814123787744159
TRUE,1,-0.5053694988413802,0.7730233644498209,-0.24046560761300903,0.36505627138583857
FALSE,1,-1.787432236744267,-1.061955505062407,0.0010355686021456965,-0.42771838793471495
FALSE,1,-0.48455497192364205,-1.6668780973329274,-0.6633979345951808,0.07348694528021833
FALSE,1,-1.1928565653975671,0.719558795981864,-0.3657787683326098,-0.8732837695968103
TRUE,1,-1.4013019733188294,0.7386935992863773,-1.1951369629454949,-0.46927026616018847
TRUE,1,-1.0373073233260992,0.5512500314782968,-0.6349739759522038,0.026282304605143334
FALSE,1,1.2205002423946114,-1.8150069257263346,0.8941252429264841,-0.1419505914085868
TRUE,1,-0.3224102926877233,1.1107265373047706,0.447731139882039,-0.4854095148279451
FALSE,1,0.05497830396293552,-0.04998883499617934,-0.6953679149067512,-0.07094809086906388
TRUE,1,1.4945960173116233,-0.2765313585016672,0.37675811266217896,-0.49760421191816945
FALSE,1,-0.6124983701582468,-2.1184045559629743,0.42852205780413616,1.182975661746943
